recording_id,time_min,channel_index,channel,alpha_power_db_vs_early_baseline,sample_retention,channel_quality_retention,is_bad_channel
long_01_sample14,0.25,0,CP5,,0.03333333333333333,0.03333333333333333,False
long_01_sample14,0.75,0,CP5,,0.06666666666666667,0.06666666666666667,False
long_01_sample14,1.25,0,CP5,,0.26666666666666666,0.26666666666666666,False
long_01_sample14,1.75,0,CP5,,0.1,0.1,False
long_01_sample14,2.25,0,CP5,,0.23333333333333334,0.23333333333333334,False
long_01_sample14,2.75,0,CP5,0.17856152784645307,0.3333333333333333,0.3333333333333333,False
long_01_sample14,3.25,0,CP5,0.2825527090111037,0.43333333333333335,0.43333333333333335,False
long_01_sample14,3.75,0,CP5,0.3332045315396641,0.5333333333333333,0.5333333333333333,False
long_01_sample14,4.25,0,CP5,0.20700642139666556,0.26666666666666666,0.26666666666666666,False
long_01_sample14,4.75,0,CP5,0.054751577136159614,0.5666666666666667,0.5666666666666667,False
long_01_sample14,5.25,0,CP5,0.09187173092554793,0.43333333333333335,0.43333333333333335,False
long_01_sample14,5.75,0,CP5,0.2598753081157896,0.43333333333333335,0.43333333333333335,False
long_01_sample14,6.25,0,CP5,0.5187963468378091,0.23333333333333334,0.23333333333333334,False
long_01_sample14,6.75,0,CP5,0.7415385605861243,0.4,0.4,False
long_01_sample14,7.25,0,CP5,0.7199465180953126,0.2,0.2,False
long_01_sample14,7.75,0,CP5,,0.3333333333333333,0.3333333333333333,False
long_01_sample14,8.25,0,CP5,-0.7015650588617486,0.23333333333333334,0.23333333333333334,False
long_01_sample14,8.75,0,CP5,-0.6381796711901553,0.36666666666666664,0.36666666666666664,False
long_01_sample14,9.25,0,CP5,-0.5371763015907147,0.36666666666666664,0.36666666666666664,False
long_01_sample14,9.75,0,CP5,-0.5838086003648753,0.7666666666666667,0.7666666666666667,False
long_01_sample14,10.25,0,CP5,-0.7175967351126827,0.8666666666666667,0.8666666666666667,False
long_01_sample14,10.75,0,CP5,-0.7371953773111847,1.0,1.0,False
long_01_sample14,11.25,0,CP5,-0.51219069231686,0.9,0.9,False
long_01_sample14,11.75,0,CP5,-0.020919126288599686,0.6666666666666666,0.6666666666666666,False
long_01_sample14,12.25,0,CP5,0.5501492659493492,0.1,0.1,False
long_01_sample14,12.75,0,CP5,,0.03333333333333333,0.03333333333333333,False
long_01_sample14,13.25,0,CP5,,0.13333333333333333,0.13333333333333333,False
long_01_sample14,13.75,0,CP5,,0.13333333333333333,0.13333333333333333,False
long_01_sample14,14.25,0,CP5,-1.931486645412381,0.26666666666666666,0.26666666666666666,False
long_01_sample14,14.75,0,CP5,-1.9936723476091283,0.7333333333333333,0.7333333333333333,False
long_01_sample14,15.25,0,CP5,-2.031448846499915,0.9666666666666667,0.9666666666666667,False
long_01_sample14,15.75,0,CP5,-1.9238880808445324,0.7666666666666667,0.7666666666666667,False
long_01_sample14,16.25,0,CP5,-1.5602357791552592,0.7666666666666667,0.7666666666666667,False
long_01_sample14,16.75,0,CP5,-1.0661431996031716,0.7333333333333333,0.7333333333333333,False
long_01_sample14,17.25,0,CP5,-0.7094409611805589,0.7333333333333333,0.7333333333333333,False
long_01_sample14,17.75,0,CP5,-0.39727780860299916,0.7,0.7,False
long_01_sample14,18.25,0,CP5,0.3626844816419461,0.13333333333333333,0.13333333333333333,False
long_01_sample14,18.75,0,CP5,1.0345403305453391,0.9,0.9,False
long_01_sample14,19.25,0,CP5,0.8658966723224303,0.6666666666666666,0.6666666666666666,False
long_01_sample14,19.75,0,CP5,0.24406971674552919,0.8666666666666667,0.8666666666666667,False
long_01_sample14,20.25,0,CP5,-0.26852464028943385,0.8666666666666667,0.8666666666666667,False
long_01_sample14,20.75,0,CP5,-0.24036030875749115,0.9,0.9,False
long_01_sample14,21.25,0,CP5,0.31776104353806206,0.9333333333333333,0.9333333333333333,False
long_01_sample14,21.75,0,CP5,0.7120044669859172,0.7,0.7,False
long_01_sample14,22.25,0,CP5,0.3453301651679908,0.8666666666666667,0.8666666666666667,False
long_01_sample14,22.75,0,CP5,-0.4604169617455156,1.0,1.0,False
long_01_sample14,23.25,0,CP5,-1.129630012385094,0.6,0.6,False
long_01_sample14,23.75,0,CP5,-1.2766636274745258,0.0,0.0,False
long_01_sample14,24.25,0,CP5,-0.7650842496995145,0.1,0.1,False
long_01_sample14,24.75,0,CP5,-0.6904969436837736,0.9666666666666667,0.9666666666666667,False
long_01_sample14,25.25,0,CP5,-0.9956886668175393,0.8333333333333334,0.8333333333333334,False
long_01_sample14,25.75,0,CP5,-1.492967977267972,0.9333333333333333,0.9333333333333333,False
long_01_sample14,26.25,0,CP5,-2.1018536638051875,0.9666666666666667,0.9666666666666667,False
long_01_sample14,26.75,0,CP5,-2.5204821707907734,1.0,1.0,False
long_01_sample14,27.25,0,CP5,-2.4434115815331174,0.9666666666666667,0.9666666666666667,False
long_01_sample14,27.75,0,CP5,-2.0560793145851903,0.9333333333333333,0.9333333333333333,False
long_01_sample14,28.25,0,CP5,-2.088406431652863,0.9,0.9,False
long_01_sample14,28.75,0,CP5,-2.802776429450433,1.0,1.0,False
long_01_sample14,29.25,0,CP5,-3.616285628551174,0.7666666666666667,0.7666666666666667,False
long_01_sample14,29.75,0,CP5,-4.12692026178416,0.13333333333333333,0.13333333333333333,False
long_01_sample14,30.25,0,CP5,,0.03333333333333333,0.03333333333333333,False
long_01_sample14,30.75,0,CP5,,0.3333333333333333,0.3333333333333333,False
long_01_sample14,31.25,0,CP5,,0.1,0.1,False
long_01_sample14,31.75,0,CP5,,0.03333333333333333,0.033333333333333326,False
long_01_sample14,32.25,0,CP5,,0.0,0.0,False
long_01_sample14,32.75,0,CP5,,0.0,0.0,False
long_01_sample14,33.25,0,CP5,,0.0,0.0,False
long_01_sample14,33.75,0,CP5,,0.0,0.0,False
long_01_sample14,34.25,0,CP5,,0.0,0.0,False
long_01_sample14,34.75,0,CP5,,0.0,0.0,False
long_01_sample14,35.25,0,CP5,,0.0,0.0,False
long_01_sample14,35.75,0,CP5,,0.0,0.0,False
long_01_sample14,36.25,0,CP5,,0.0,0.0,False
long_01_sample14,36.75,0,CP5,,0.03333333333333333,0.033333333333333326,False
long_01_sample14,37.25,0,CP5,,0.03333333333333333,0.033333333333333326,False
long_01_sample14,37.75,0,CP5,,0.03333333333333333,0.03333333333333333,False
long_01_sample14,38.25,0,CP5,,0.1,0.1,False
long_01_sample14,38.75,0,CP5,-2.5106940192432528,0.26666666666666666,0.26666666666666666,False
long_01_sample14,39.25,0,CP5,-2.315786538602545,0.4,0.4,False
long_01_sample14,39.75,0,CP5,-1.8179630518826948,0.8333333333333334,0.8333333333333334,False
long_01_sample14,40.25,0,CP5,-0.966990321327663,0.8,0.8,False
long_01_sample14,40.75,0,CP5,-0.21800790271224818,0.5666666666666667,0.5666666666666667,False
long_01_sample14,41.25,0,CP5,-0.15976306571676732,0.7666666666666667,0.7666666666666667,False
long_01_sample14,41.75,0,CP5,-0.5652043005065044,0.7,0.7,False
long_01_sample14,42.25,0,CP5,-0.7499840136668986,0.7333333333333333,0.7333333333333333,False
long_01_sample14,42.75,0,CP5,-0.6271421190354071,0.7666666666666667,0.7666666666666667,False
long_01_sample14,43.25,0,CP5,-0.6489047284021607,0.6666666666666666,0.6666666666666666,False
long_01_sample14,43.75,0,CP5,-0.8812911119604785,0.7666666666666667,0.7666666666666667,False
long_01_sample14,44.25,0,CP5,-0.7742429664585212,0.6,0.6,False
long_01_sample14,44.75,0,CP5,-0.33521206513101065,0.7,0.7,False
long_01_sample14,45.25,0,CP5,-0.06487705384117581,0.7666666666666667,0.7666666666666667,False
long_01_sample14,45.75,0,CP5,-0.012261058794246438,0.5333333333333333,0.5333333333333333,False
long_01_sample14,46.25,0,CP5,-0.23674256108251363,0.4,0.4,False
long_01_sample14,46.75,0,CP5,-0.7277315550320762,0.6333333333333333,0.6333333333333333,False
long_01_sample14,47.25,0,CP5,-1.153268004677448,0.5666666666666667,0.5666666666666667,False
long_01_sample14,47.75,0,CP5,-1.2242779114809115,0.6666666666666666,0.6666666666666666,False
long_01_sample14,48.25,0,CP5,-0.6884218855957434,0.5666666666666667,0.5666666666666667,False
long_01_sample14,48.75,0,CP5,0.5823411206358864,0.1,0.09999999999999998,False
long_01_sample14,49.25,0,CP5,1.449231486863366,0.5333333333333333,0.5333333333333333,False
long_01_sample14,49.75,0,CP5,1.2795094408906211,0.8333333333333334,0.8333333333333334,False
long_01_sample14,50.25,0,CP5,0.7121743886456964,0.8666666666666667,0.8666666666666667,False
long_01_sample14,50.75,0,CP5,0.07235299041775668,0.7333333333333333,0.7333333333333333,False
long_01_sample14,51.25,0,CP5,-0.650696427994179,0.7333333333333333,0.7333333333333333,False
long_01_sample14,51.75,0,CP5,-1.228910422510566,0.9,0.9,False
long_01_sample14,52.25,0,CP5,-1.3133655258880874,0.8,0.8,False
long_01_sample14,52.75,0,CP5,-1.2263105672145842,0.5666666666666667,0.5666666666666667,False
long_01_sample14,53.25,0,CP5,-1.4687211751494664,0.9,0.9,False
long_01_sample14,53.75,0,CP5,-1.7311086927101913,0.9666666666666667,0.9666666666666667,False
long_01_sample14,54.25,0,CP5,-1.512106364421465,0.8666666666666667,0.8666666666666667,False
long_01_sample14,54.75,0,CP5,-0.7868397676634401,0.6666666666666666,0.6666666666666666,False
long_01_sample14,55.25,0,CP5,-0.3301314646467114,0.5,0.5,False
long_01_sample14,55.75,0,CP5,-0.9464396597575206,0.5666666666666667,0.5666666666666667,False
long_01_sample14,56.25,0,CP5,-1.9563930079280012,0.8666666666666667,0.8666666666666667,False
long_01_sample14,56.75,0,CP5,-2.2049776073986065,0.6666666666666666,0.6666666666666666,False
long_01_sample14,57.25,0,CP5,-1.8525311709631502,0.6666666666666666,0.6666666666666666,False
long_01_sample14,57.75,0,CP5,-1.7303459024513705,0.5666666666666667,0.5666666666666667,False
long_01_sample14,58.25,0,CP5,-2.0084846596582038,0.7333333333333333,0.7333333333333333,False
long_01_sample14,58.75,0,CP5,-2.3144924393922657,0.8,0.8,False
long_01_sample14,59.25,0,CP5,-2.508960943987183,0.8666666666666667,0.8666666666666667,False
long_01_sample14,59.75,0,CP5,-2.4583164598267446,0.8,0.8,False
long_01_sample14,60.25,0,CP5,-2.019525586270419,0.7,0.7,False
long_01_sample14,0.25,1,CP6,,0.03333333333333333,0.03333333333333333,False
long_01_sample14,0.75,1,CP6,,0.06666666666666667,0.06666666666666667,False
long_01_sample14,1.25,1,CP6,,0.26666666666666666,0.26666666666666666,False
long_01_sample14,1.75,1,CP6,,0.1,0.1,False
long_01_sample14,2.25,1,CP6,,0.23333333333333334,0.23333333333333334,False
long_01_sample14,2.75,1,CP6,0.12321965470127154,0.3333333333333333,0.3333333333333333,False
long_01_sample14,3.25,1,CP6,0.19979765545092706,0.43333333333333335,0.43333333333333335,False
long_01_sample14,3.75,1,CP6,0.30939463080336876,0.5333333333333333,0.5333333333333333,False
long_01_sample14,4.25,1,CP6,0.3892793396430608,0.26666666666666666,0.26666666666666666,False
long_01_sample14,4.75,1,CP6,0.3126400014320122,0.5666666666666667,0.5666666666666667,False
long_01_sample14,5.25,1,CP6,0.23529991272196607,0.43333333333333335,0.43333333333333335,False
long_01_sample14,5.75,1,CP6,0.3015696611899847,0.43333333333333335,0.43333333333333335,False
long_01_sample14,6.25,1,CP6,0.41405368409312837,0.23333333333333334,0.23333333333333334,False
long_01_sample14,6.75,1,CP6,0.4250671996726926,0.4,0.4,False
long_01_sample14,7.25,1,CP6,0.30992373287847397,0.2,0.2,False
long_01_sample14,7.75,1,CP6,,0.3333333333333333,0.3333333333333333,False
long_01_sample14,8.25,1,CP6,-0.7162953513078979,0.23333333333333334,0.23333333333333334,False
long_01_sample14,8.75,1,CP6,-0.6854051201114102,0.36666666666666664,0.36666666666666664,False
long_01_sample14,9.25,1,CP6,-0.603148799158912,0.36666666666666664,0.36666666666666664,False
long_01_sample14,9.75,1,CP6,-0.5423185261290732,0.7666666666666667,0.7666666666666667,False
long_01_sample14,10.25,1,CP6,-0.4818518173141565,0.8666666666666667,0.8666666666666667,False
long_01_sample14,10.75,1,CP6,-0.42057467539808135,1.0,1.0,False
long_01_sample14,11.25,1,CP6,-0.3744318796789724,0.9,0.9,False
long_01_sample14,11.75,1,CP6,-0.2981348532713473,0.6666666666666666,0.6666666666666666,False
long_01_sample14,12.25,1,CP6,-0.19159870381015254,0.1,0.1,False
long_01_sample14,12.75,1,CP6,,0.03333333333333333,0.03333333333333333,False
long_01_sample14,13.25,1,CP6,,0.13333333333333333,0.13333333333333333,False
long_01_sample14,13.75,1,CP6,,0.13333333333333333,0.13333333333333333,False
long_01_sample14,14.25,1,CP6,-1.3280894255676021,0.26666666666666666,0.26666666666666666,False
long_01_sample14,14.75,1,CP6,-1.2945230915089152,0.7333333333333333,0.7333333333333333,False
long_01_sample14,15.25,1,CP6,-1.2920578800623124,0.9666666666666667,0.9666666666666667,False
long_01_sample14,15.75,1,CP6,-1.3331004537538265,0.7666666666666667,0.7666666666666667,False
long_01_sample14,16.25,1,CP6,-1.3289030731942457,0.7666666666666667,0.7666666666666667,False
long_01_sample14,16.75,1,CP6,-1.2073595240822919,0.7333333333333333,0.7333333333333333,False
long_01_sample14,17.25,1,CP6,-1.0751396592596387,0.7333333333333333,0.7333333333333333,False
long_01_sample14,17.75,1,CP6,-0.867836270011697,0.7,0.7,False
long_01_sample14,18.25,1,CP6,-0.20992299736280753,0.13333333333333333,0.13333333333333333,False
long_01_sample14,18.75,1,CP6,0.36321001565628186,0.9,0.9,False
long_01_sample14,19.25,1,CP6,0.3311507557803671,0.6666666666666666,0.6666666666666666,False
long_01_sample14,19.75,1,CP6,0.06020606153819358,0.8666666666666667,0.8666666666666667,False
long_01_sample14,20.25,1,CP6,-0.335715497500929,0.8666666666666667,0.8666666666666667,False
long_01_sample14,20.75,1,CP6,-0.7703708791373088,0.9,0.9,False
long_01_sample14,21.25,1,CP6,-0.9471532270392755,0.9333333333333333,0.9333333333333333,False
long_01_sample14,21.75,1,CP6,-0.8003789942092853,0.7,0.7,False
long_01_sample14,22.25,1,CP6,-0.5911492620014928,0.8666666666666667,0.8666666666666667,False
long_01_sample14,22.75,1,CP6,-0.5089279537936963,1.0,1.0,False
long_01_sample14,23.25,1,CP6,-0.5368538418071794,0.6,0.6,False
long_01_sample14,23.75,1,CP6,-0.34256699908418065,0.0,0.0,False
long_01_sample14,24.25,1,CP6,0.29914970201902646,0.1,0.1,False
long_01_sample14,24.75,1,CP6,0.3700757925989248,0.9666666666666667,0.9666666666666667,False
long_01_sample14,25.25,1,CP6,0.0832173232153006,0.8333333333333334,0.8333333333333334,False
long_01_sample14,25.75,1,CP6,-0.19107684065776484,0.9333333333333333,0.9333333333333333,False
long_01_sample14,26.25,1,CP6,-0.2658518016799209,0.9666666666666667,0.9666666666666667,False
long_01_sample14,26.75,1,CP6,-0.1277411719650435,1.0,1.0,False
long_01_sample14,27.25,1,CP6,0.013641196150821648,0.9666666666666667,0.9666666666666667,False
long_01_sample14,27.75,1,CP6,-0.12103089618021631,0.9333333333333333,0.9333333333333333,False
long_01_sample14,28.25,1,CP6,-0.6722441491209733,0.9,0.9,False
long_01_sample14,28.75,1,CP6,-1.460063193806391,1.0,1.0,False
long_01_sample14,29.25,1,CP6,-2.09016302604301,0.7666666666666667,0.7666666666666667,False
long_01_sample14,29.75,1,CP6,-2.4238696840808784,0.13333333333333333,0.13333333333333333,False
long_01_sample14,30.25,1,CP6,,0.03333333333333333,0.03333333333333333,False
long_01_sample14,30.75,1,CP6,,0.3333333333333333,0.3333333333333333,False
long_01_sample14,31.25,1,CP6,,0.1,0.1,False
long_01_sample14,31.75,1,CP6,,0.03333333333333333,0.03333333333333333,False
long_01_sample14,32.25,1,CP6,,0.0,0.0,False
long_01_sample14,32.75,1,CP6,,0.0,0.0,False
long_01_sample14,33.25,1,CP6,,0.0,0.0,False
long_01_sample14,33.75,1,CP6,,0.0,0.0,False
long_01_sample14,34.25,1,CP6,,0.0,0.0,False
long_01_sample14,34.75,1,CP6,,0.0,0.0,False
long_01_sample14,35.25,1,CP6,,0.0,0.0,False
long_01_sample14,35.75,1,CP6,,0.0,0.0,False
long_01_sample14,36.25,1,CP6,,0.0,0.0,False
long_01_sample14,36.75,1,CP6,,0.03333333333333333,0.03333333333333333,False
long_01_sample14,37.25,1,CP6,,0.03333333333333333,0.03333333333333333,False
long_01_sample14,37.75,1,CP6,,0.03333333333333333,0.03333333333333333,False
long_01_sample14,38.25,1,CP6,,0.1,0.1,False
long_01_sample14,38.75,1,CP6,-3.504559654199957,0.26666666666666666,0.26666666666666666,False
long_01_sample14,39.25,1,CP6,-3.499864905159032,0.4,0.4,False
long_01_sample14,39.75,1,CP6,-3.4182925533656445,0.8333333333333334,0.8333333333333334,False
long_01_sample14,40.25,1,CP6,-3.1269351597180033,0.8,0.8,False
long_01_sample14,40.75,1,CP6,-2.623991035475342,0.5666666666666667,0.5666666666666667,False
long_01_sample14,41.25,1,CP6,-2.281842746183771,0.7666666666666667,0.7666666666666667,False
long_01_sample14,41.75,1,CP6,-2.2997692082256203,0.7,0.7,False
long_01_sample14,42.25,1,CP6,-2.385936607857019,0.7333333333333333,0.7333333333333333,False
long_01_sample14,42.75,1,CP6,-2.4746249542471546,0.7666666666666667,0.7666666666666667,False
long_01_sample14,43.25,1,CP6,-2.620700828563037,0.6666666666666666,0.6666666666666666,False
long_01_sample14,43.75,1,CP6,-2.673776097090549,0.7666666666666667,0.7666666666666667,False
long_01_sample14,44.25,1,CP6,-2.5745579475609404,0.6,0.6,False
long_01_sample14,44.75,1,CP6,-2.401423244991691,0.7,0.7,False
long_01_sample14,45.25,1,CP6,-2.2209234016225965,0.7666666666666667,0.7666666666666667,False
long_01_sample14,45.75,1,CP6,-1.9530234784771068,0.5333333333333333,0.5333333333333333,False
long_01_sample14,46.25,1,CP6,-1.6214345250219142,0.4,0.4,False
long_01_sample14,46.75,1,CP6,-1.5155938583476172,0.6333333333333333,0.6333333333333333,False
long_01_sample14,47.25,1,CP6,-1.7487879530661476,0.5666666666666667,0.5666666666666667,False
long_01_sample14,47.75,1,CP6,-2.107916785034851,0.6666666666666666,0.6666666666666666,False
long_01_sample14,48.25,1,CP6,-2.5078958654147767,0.5666666666666667,0.5666666666666667,False
long_01_sample14,48.75,1,CP6,-3.0843848913924017,0.1,0.1,False
long_01_sample14,49.25,1,CP6,-3.4286121625204506,0.5333333333333333,0.5333333333333333,False
long_01_sample14,49.75,1,CP6,-3.264155139898097,0.8333333333333334,0.8333333333333334,False
long_01_sample14,50.25,1,CP6,-2.980449992816353,0.8666666666666667,0.8666666666666667,False
long_01_sample14,50.75,1,CP6,-2.8959976281867057,0.7333333333333333,0.7333333333333333,False
long_01_sample14,51.25,1,CP6,-2.956509953334852,0.7333333333333333,0.7333333333333333,False
long_01_sample14,51.75,1,CP6,-2.9311643972695522,0.9,0.9,False
long_01_sample14,52.25,1,CP6,-2.7282532894722937,0.8,0.8,False
long_01_sample14,52.75,1,CP6,-2.40560659641046,0.5666666666666667,0.5666666666666667,False
long_01_sample14,53.25,1,CP6,-2.1189274260399014,0.9,0.9,False
long_01_sample14,53.75,1,CP6,-2.048202857650983,0.9666666666666667,0.9666666666666667,False
long_01_sample14,54.25,1,CP6,-2.2270258255648203,0.8666666666666667,0.8666666666666667,False
long_01_sample14,54.75,1,CP6,-2.477283049975381,0.6666666666666666,0.6666666666666666,False
long_01_sample14,55.25,1,CP6,-2.780319085992554,0.5,0.5,False
long_01_sample14,55.75,1,CP6,-3.329789842523918,0.5666666666666667,0.5666666666666667,False
long_01_sample14,56.25,1,CP6,-3.929671391059858,0.8666666666666667,0.8666666666666667,False
long_01_sample14,56.75,1,CP6,-4.058420065292629,0.6666666666666666,0.6666666666666666,False
long_01_sample14,57.25,1,CP6,-3.6996304303330656,0.6666666666666666,0.6666666666666666,False
long_01_sample14,57.75,1,CP6,-3.3491573042573415,0.5666666666666667,0.5666666666666667,False
long_01_sample14,58.25,1,CP6,-3.222023866197505,0.7333333333333333,0.7333333333333333,False
long_01_sample14,58.75,1,CP6,-3.1593451327621223,0.8,0.8,False
long_01_sample14,59.25,1,CP6,-2.995303277326644,0.8666666666666667,0.8666666666666667,False
long_01_sample14,59.75,1,CP6,-2.539513746626161,0.8,0.8,False
long_01_sample14,60.25,1,CP6,-1.8208406856503534,0.7,0.7,False
long_01_sample14,0.25,2,PO3,,0.03333333333333333,0.03333333333333333,False
long_01_sample14,0.75,2,PO3,,0.06666666666666667,0.06666666666666667,False
long_01_sample14,1.25,2,PO3,,0.26666666666666666,0.26666666666666666,False
long_01_sample14,1.75,2,PO3,,0.1,0.1,False
long_01_sample14,2.25,2,PO3,,0.23333333333333334,0.23333333333333334,False
long_01_sample14,2.75,2,PO3,0.04849871017249185,0.3333333333333333,0.3333333333333333,False
long_01_sample14,3.25,2,PO3,0.267570037592191,0.43333333333333335,0.43333333333333335,False
long_01_sample14,3.75,2,PO3,0.4830015872462338,0.5333333333333333,0.5333333333333333,False
long_01_sample14,4.25,2,PO3,0.5277096596830639,0.26666666666666666,0.26666666666666666,False
long_01_sample14,4.75,2,PO3,0.3978176143234757,0.5666666666666667,0.5666666666666667,False
long_01_sample14,5.25,2,PO3,0.36339765564053134,0.43333333333333335,0.43333333333333335,False
long_01_sample14,5.75,2,PO3,0.41987893510873403,0.43333333333333335,0.43333333333333335,False
long_01_sample14,6.25,2,PO3,0.37197783929892625,0.23333333333333334,0.23333333333333334,False
long_01_sample14,6.75,2,PO3,0.18391128614432387,0.4,0.4,False
long_01_sample14,7.25,2,PO3,-0.030300221873830628,0.2,0.2,False
long_01_sample14,7.75,2,PO3,,0.3333333333333333,0.3333333333333333,False
long_01_sample14,8.25,2,PO3,-0.8865806023348451,0.23333333333333334,0.23333333333333334,False
long_01_sample14,8.75,2,PO3,-0.7574477586188577,0.36666666666666664,0.36666666666666664,False
long_01_sample14,9.25,2,PO3,-0.7624637814024428,0.36666666666666664,0.36666666666666664,False
long_01_sample14,9.75,2,PO3,-1.0047590709669927,0.7666666666666667,0.7666666666666667,False
long_01_sample14,10.25,2,PO3,-1.1268320383023238,0.8666666666666667,0.8666666666666667,False
long_01_sample14,10.75,2,PO3,-0.9284473156147253,1.0,1.0,False
long_01_sample14,11.25,2,PO3,-0.7901073257968679,0.9,0.9,False
long_01_sample14,11.75,2,PO3,-0.8701649637046641,0.6666666666666666,0.6666666666666666,False
long_01_sample14,12.25,2,PO3,-1.0081741911685955,0.1,0.1,False
long_01_sample14,12.75,2,PO3,,0.03333333333333333,0.03333333333333333,False
long_01_sample14,13.25,2,PO3,,0.13333333333333333,0.13333333333333333,False
long_01_sample14,13.75,2,PO3,,0.13333333333333333,0.13333333333333333,False
long_01_sample14,14.25,2,PO3,-1.0579298961947767,0.26666666666666666,0.26666666666666666,False
long_01_sample14,14.75,2,PO3,-1.2401719532442248,0.7333333333333333,0.7333333333333333,False
long_01_sample14,15.25,2,PO3,-1.3342918816168432,0.9666666666666667,0.9666666666666667,False
long_01_sample14,15.75,2,PO3,-1.1396872235317914,0.7666666666666667,0.7666666666666667,False
long_01_sample14,16.25,2,PO3,-0.662116749521392,0.7666666666666667,0.7666666666666667,False
long_01_sample14,16.75,2,PO3,-0.3094031317587157,0.7333333333333333,0.7333333333333333,False
long_01_sample14,17.25,2,PO3,-0.33225711392387075,0.7333333333333333,0.7333333333333333,False
long_01_sample14,17.75,2,PO3,-0.3255166050690327,0.7,0.7,False
long_01_sample14,18.25,2,PO3,0.2254870070367942,0.13333333333333333,0.13333333333333333,False
long_01_sample14,18.75,2,PO3,0.5582002461719224,0.9,0.9,False
long_01_sample14,19.25,2,PO3,0.04168184113374545,0.6666666666666666,0.6666666666666666,False
long_01_sample14,19.75,2,PO3,-0.746609245513651,0.8666666666666667,0.8666666666666667,False
long_01_sample14,20.25,2,PO3,-1.2804425058613147,0.8666666666666667,0.8666666666666667,False
long_01_sample14,20.75,2,PO3,-1.3345990402784838,0.9,0.9,False
long_01_sample14,21.25,2,PO3,-0.9226731902965386,0.9333333333333333,0.9333333333333333,False
long_01_sample14,21.75,2,PO3,-0.5204458186239403,0.7,0.7,False
long_01_sample14,22.25,2,PO3,-0.5700883611063582,0.8666666666666667,0.8666666666666667,False
long_01_sample14,22.75,2,PO3,-0.7761006245132888,1.0,1.0,False
long_01_sample14,23.25,2,PO3,-0.820281477665236,0.6,0.6,False
long_01_sample14,23.75,2,PO3,-0.8024499303480586,0.0,0.0,False
long_01_sample14,24.25,2,PO3,-0.9192602726717778,0.1,0.1,False
long_01_sample14,24.75,2,PO3,-1.058607200704315,0.9666666666666667,0.9666666666666667,False
long_01_sample14,25.25,2,PO3,-1.2630264939649973,0.8333333333333334,0.8333333333333334,False
long_01_sample14,25.75,2,PO3,-1.6554555113996468,0.9333333333333333,0.9333333333333333,False
long_01_sample14,26.25,2,PO3,-2.1831553533239085,0.9666666666666667,0.9666666666666667,False
long_01_sample14,26.75,2,PO3,-2.547945884064785,1.0,1.0,False
long_01_sample14,27.25,2,PO3,-2.502039859858208,0.9666666666666667,0.9666666666666667,False
long_01_sample14,27.75,2,PO3,-2.2208058627509395,0.9333333333333333,0.9333333333333333,False
long_01_sample14,28.25,2,PO3,-2.211077335502652,0.9,0.9,False
long_01_sample14,28.75,2,PO3,-2.669656427365119,1.0,1.0,False
long_01_sample14,29.25,2,PO3,-3.2299290034003776,0.7666666666666667,0.7666666666666667,False
long_01_sample14,29.75,2,PO3,-3.603114955190527,0.13333333333333333,0.13333333333333333,False
long_01_sample14,30.25,2,PO3,,0.03333333333333333,0.033333333333333326,False
long_01_sample14,30.75,2,PO3,,0.3333333333333333,0.3333333333333333,False
long_01_sample14,31.25,2,PO3,,0.1,0.09999999999999998,False
long_01_sample14,31.75,2,PO3,,0.03333333333333333,0.033333333333333326,False
long_01_sample14,32.25,2,PO3,,0.0,0.0,False
long_01_sample14,32.75,2,PO3,,0.0,0.0,False
long_01_sample14,33.25,2,PO3,,0.0,0.0,False
long_01_sample14,33.75,2,PO3,,0.0,0.0,False
long_01_sample14,34.25,2,PO3,,0.0,0.0,False
long_01_sample14,34.75,2,PO3,,0.0,0.0,False
long_01_sample14,35.25,2,PO3,,0.0,0.0,False
long_01_sample14,35.75,2,PO3,,0.0,0.0,False
long_01_sample14,36.25,2,PO3,,0.0,0.0,False
long_01_sample14,36.75,2,PO3,,0.03333333333333333,0.03333333333333333,False
long_01_sample14,37.25,2,PO3,,0.03333333333333333,0.033333333333333326,False
long_01_sample14,37.75,2,PO3,,0.03333333333333333,0.03333333333333333,False
long_01_sample14,38.25,2,PO3,,0.1,0.09999999999999998,False
long_01_sample14,38.75,2,PO3,-2.5459776511253076,0.26666666666666666,0.26666666666666666,False
long_01_sample14,39.25,2,PO3,-2.3920607503439415,0.4,0.4,False
long_01_sample14,39.75,2,PO3,-2.1353646045160226,0.8333333333333334,0.8333333333333334,False
long_01_sample14,40.25,2,PO3,-1.702215245577917,0.8,0.8,False
long_01_sample14,40.75,2,PO3,-1.0864834158795056,0.5666666666666667,0.5666666666666667,False
long_01_sample14,41.25,2,PO3,-0.6192027082573344,0.7666666666666667,0.7666666666666667,False
long_01_sample14,41.75,2,PO3,-0.44647975004485846,0.7,0.7,False
long_01_sample14,42.25,2,PO3,-0.025363139075926855,0.7333333333333333,0.7333333333333333,False
long_01_sample14,42.75,2,PO3,0.7627721091136844,0.7666666666666667,0.7666666666666667,False
long_01_sample14,43.25,2,PO3,1.2284552702855966,0.6666666666666666,0.6666666666666666,False
long_01_sample14,43.75,2,PO3,0.9951417560067548,0.7666666666666667,0.7666666666666667,False
long_01_sample14,44.25,2,PO3,0.5689636150493715,0.6,0.6,False
long_01_sample14,44.75,2,PO3,0.48756453398121763,0.7,0.7,False
long_01_sample14,45.25,2,PO3,0.6442596661811041,0.7666666666666667,0.7666666666666667,False
long_01_sample14,45.75,2,PO3,0.7376861251568267,0.5333333333333333,0.5333333333333333,False
long_01_sample14,46.25,2,PO3,0.5985072157783576,0.4,0.4,False
long_01_sample14,46.75,2,PO3,0.24341660700138854,0.6333333333333333,0.6333333333333333,False
long_01_sample14,47.25,2,PO3,0.10988236602508962,0.5666666666666667,0.5666666666666667,False
long_01_sample14,47.75,2,PO3,0.2863304559334667,0.6666666666666666,0.6666666666666666,False
long_01_sample14,48.25,2,PO3,0.14651097720016548,0.5666666666666667,0.5666666666666667,False
long_01_sample14,48.75,2,PO3,-0.7997630170581809,0.1,0.1,False
long_01_sample14,49.25,2,PO3,-1.5506843890644582,0.5333333333333333,0.5333333333333333,False
long_01_sample14,49.75,2,PO3,-1.3643657491514545,0.8333333333333334,0.8333333333333334,False
long_01_sample14,50.25,2,PO3,-0.9343838974885168,0.8666666666666667,0.8666666666666667,False
long_01_sample14,50.75,2,PO3,-0.9069644071746523,0.7333333333333333,0.7333333333333333,False
long_01_sample14,51.25,2,PO3,-1.1448090382796783,0.7333333333333333,0.7333333333333333,False
long_01_sample14,51.75,2,PO3,-1.0806267662222668,0.9,0.9,False
long_01_sample14,52.25,2,PO3,-0.8553912500568837,0.8,0.8,False
long_01_sample14,52.75,2,PO3,-0.9427975308383212,0.5666666666666667,0.5666666666666667,False
long_01_sample14,53.25,2,PO3,-1.1467720399989174,0.9,0.9,False
long_01_sample14,53.75,2,PO3,-0.9380942304217538,0.9666666666666667,0.9666666666666667,False
long_01_sample14,54.25,2,PO3,-0.4868070338672245,0.8666666666666667,0.8666666666666667,False
long_01_sample14,54.75,2,PO3,-0.4464579866212066,0.6666666666666666,0.6666666666666666,False
long_01_sample14,55.25,2,PO3,-1.160407150847456,0.5,0.5,False
long_01_sample14,55.75,2,PO3,-2.3527903370039214,0.5666666666666667,0.5666666666666667,False
long_01_sample14,56.25,2,PO3,-3.183362748856114,0.8666666666666667,0.8666666666666667,False
long_01_sample14,56.75,2,PO3,-3.0648982383337566,0.6666666666666666,0.6666666666666666,False
long_01_sample14,57.25,2,PO3,-2.4332742578854387,0.6666666666666666,0.6666666666666666,False
long_01_sample14,57.75,2,PO3,-2.2278944209988256,0.5666666666666667,0.5666666666666667,False
long_01_sample14,58.25,2,PO3,-2.564432596728806,0.7333333333333333,0.7333333333333333,False
long_01_sample14,58.75,2,PO3,-2.764122465069004,0.8,0.8,False
long_01_sample14,59.25,2,PO3,-2.486914757187823,0.8666666666666667,0.8666666666666667,False
long_01_sample14,59.75,2,PO3,-1.758797051179151,0.8,0.8,False
long_01_sample14,60.25,2,PO3,-0.7576969508776094,0.7,0.7,False
long_01_sample14,0.25,3,PO4,,0.03333333333333333,0.03333333333333333,False
long_01_sample14,0.75,3,PO4,,0.06666666666666667,0.06666666666666667,False
long_01_sample14,1.25,3,PO4,,0.26666666666666666,0.26666666666666666,False
long_01_sample14,1.75,3,PO4,,0.1,0.09999999999999998,False
long_01_sample14,2.25,3,PO4,,0.23333333333333334,0.23333333333333328,False
long_01_sample14,2.75,3,PO4,0.4106228517093335,0.3333333333333333,0.3333333333333333,False
long_01_sample14,3.25,3,PO4,0.4506927692607095,0.43333333333333335,0.43333333333333335,False
long_01_sample14,3.75,3,PO4,0.4524881675604382,0.5333333333333333,0.5333333333333333,False
long_01_sample14,4.25,3,PO4,0.34165838389756703,0.26666666666666666,0.26666666666666666,False
long_01_sample14,4.75,3,PO4,0.22194929239951208,0.5666666666666667,0.5666666666666667,False
long_01_sample14,5.25,3,PO4,0.21629933144671917,0.43333333333333335,0.43333333333333335,False
long_01_sample14,5.75,3,PO4,0.13457272617694432,0.43333333333333335,0.43333333333333335,False
long_01_sample14,6.25,3,PO4,-0.3434610399623288,0.23333333333333334,0.23333333333333328,False
long_01_sample14,6.75,3,PO4,-1.0166317376779594,0.4,0.4,False
long_01_sample14,7.25,3,PO4,-1.3931572466091908,0.2,0.2,False
long_01_sample14,7.75,3,PO4,,0.3333333333333333,0.3333333333333333,False
long_01_sample14,8.25,3,PO4,-1.5685284735413882,0.23333333333333334,0.23333333333333328,False
long_01_sample14,8.75,3,PO4,-1.6721236868473943,0.36666666666666664,0.36666666666666664,False
long_01_sample14,9.25,3,PO4,-1.9481959766318537,0.36666666666666664,0.36666666666666664,False
long_01_sample14,9.75,3,PO4,-2.4241007218321093,0.7666666666666667,0.7666666666666666,False
long_01_sample14,10.25,3,PO4,-2.896910666766611,0.8666666666666667,0.8666666666666667,False
long_01_sample14,10.75,3,PO4,-3.1696283184997154,1.0,1.0,False
long_01_sample14,11.25,3,PO4,-3.2666970077064166,0.9,0.9,False
long_01_sample14,11.75,3,PO4,-3.243519835205088,0.6666666666666666,0.6666666666666666,False
long_01_sample14,12.25,3,PO4,-3.1573320227083537,0.1,0.09999999999999998,False
long_01_sample14,12.75,3,PO4,,0.03333333333333333,0.03333333333333333,False
long_01_sample14,13.25,3,PO4,,0.13333333333333333,0.13333333333333333,False
long_01_sample14,13.75,3,PO4,,0.13333333333333333,0.1333333333333333,False
long_01_sample14,14.25,3,PO4,-2.771841477221406,0.26666666666666666,0.26666666666666666,False
long_01_sample14,14.75,3,PO4,-2.897473981422296,0.7333333333333333,0.7333333333333333,False
long_01_sample14,15.25,3,PO4,-3.047645778952396,0.9666666666666667,0.9666666666666667,False
long_01_sample14,15.75,3,PO4,-3.2321982065152053,0.7666666666666667,0.7666666666666666,False
long_01_sample14,16.25,3,PO4,-3.4029621492748294,0.7666666666666667,0.7666666666666666,False
long_01_sample14,16.75,3,PO4,-3.430831306422525,0.7333333333333333,0.7333333333333333,False
long_01_sample14,17.25,3,PO4,-3.348979244178974,0.7333333333333333,0.7333333333333333,False
long_01_sample14,17.75,3,PO4,-3.168931078688874,0.7,0.7,False
long_01_sample14,18.25,3,PO4,-2.6987362655005436,0.13333333333333333,0.1333333333333333,False
long_01_sample14,18.75,3,PO4,-2.4709752249743397,0.9,0.9,False
long_01_sample14,19.25,3,PO4,-2.9180313810084084,0.6666666666666666,0.6666666666666666,False
long_01_sample14,19.75,3,PO4,-3.5810252424951687,0.8666666666666667,0.8666666666666667,False
long_01_sample14,20.25,3,PO4,-3.999594166058571,0.8666666666666667,0.8666666666666667,False
long_01_sample14,20.75,3,PO4,-4.06095374600612,0.9,0.9,False
long_01_sample14,21.25,3,PO4,-3.900900001686575,0.9333333333333333,0.9333333333333333,False
long_01_sample14,21.75,3,PO4,-3.7476861762810554,0.7,0.7,False
long_01_sample14,22.25,3,PO4,-3.786098573134788,0.8666666666666667,0.8666666666666667,False
long_01_sample14,22.75,3,PO4,-3.897240453795772,1.0,1.0,False
long_01_sample14,23.25,3,PO4,-3.8754751513672394,0.6,0.6,False
long_01_sample14,23.75,3,PO4,-3.3869556014416506,0.0,0.0,False
long_01_sample14,24.25,3,PO4,-2.391769675291376,0.1,0.1,False
long_01_sample14,24.75,3,PO4,-2.2933804012002184,0.9666666666666667,0.9666666666666667,False
long_01_sample14,25.25,3,PO4,-2.6588402526133845,0.8333333333333334,0.8333333333333334,False
long_01_sample14,25.75,3,PO4,-3.0651502827876937,0.9333333333333333,0.9333333333333333,False
long_01_sample14,26.25,3,PO4,-3.4567368197038513,0.9666666666666667,0.9666666666666667,False
long_01_sample14,26.75,3,PO4,-3.7767134313984214,1.0,1.0,False
long_01_sample14,27.25,3,PO4,-3.874758178684451,0.9666666666666667,0.9666666666666667,False
long_01_sample14,27.75,3,PO4,-3.8129390715538087,0.9333333333333333,0.9333333333333333,False
long_01_sample14,28.25,3,PO4,-3.8635339761954137,0.9,0.9,False
long_01_sample14,28.75,3,PO4,-4.134286546696074,1.0,1.0,False
long_01_sample14,29.25,3,PO4,-4.45484635806369,0.7666666666666667,0.7666666666666666,False
long_01_sample14,29.75,3,PO4,-4.681366836343971,0.13333333333333333,0.13333333333333333,False
long_01_sample14,30.25,3,PO4,,0.03333333333333333,0.03333333333333333,False
long_01_sample14,30.75,3,PO4,,0.3333333333333333,0.3333333333333333,False
long_01_sample14,31.25,3,PO4,,0.1,0.1,False
long_01_sample14,31.75,3,PO4,,0.03333333333333333,0.03333333333333333,False
long_01_sample14,32.25,3,PO4,,0.0,0.0,False
long_01_sample14,32.75,3,PO4,,0.0,0.0,False
long_01_sample14,33.25,3,PO4,,0.0,0.0,False
long_01_sample14,33.75,3,PO4,,0.0,0.0,False
long_01_sample14,34.25,3,PO4,,0.0,0.0,False
long_01_sample14,34.75,3,PO4,,0.0,0.0,False
long_01_sample14,35.25,3,PO4,,0.0,0.0,False
long_01_sample14,35.75,3,PO4,,0.0,0.0,False
long_01_sample14,36.25,3,PO4,,0.0,0.0,False
long_01_sample14,36.75,3,PO4,,0.03333333333333333,0.03333333333333333,False
long_01_sample14,37.25,3,PO4,,0.03333333333333333,0.03333333333333333,False
long_01_sample14,37.75,3,PO4,,0.03333333333333333,0.03333333333333333,False
long_01_sample14,38.25,3,PO4,,0.1,0.1,False
long_01_sample14,38.75,3,PO4,-4.823135061378037,0.26666666666666666,0.26666666666666666,False
long_01_sample14,39.25,3,PO4,-4.9634823881917605,0.4,0.4,False
long_01_sample14,39.75,3,PO4,-4.945024465349258,0.8333333333333334,0.8333333333333334,False
long_01_sample14,40.25,3,PO4,-4.565758020274329,0.8,0.8,False
long_01_sample14,40.75,3,PO4,-3.8988955249228656,0.5666666666666667,0.5666666666666667,False
long_01_sample14,41.25,3,PO4,-3.356602974391035,0.7666666666666667,0.7666666666666667,False
long_01_sample14,41.75,3,PO4,-3.1044646353493137,0.7,0.7,False
long_01_sample14,42.25,3,PO4,-2.9573786784821525,0.7333333333333333,0.7333333333333333,False
long_01_sample14,42.75,3,PO4,-2.9349038717696394,0.7666666666666667,0.7666666666666667,False
long_01_sample14,43.25,3,PO4,-3.1279731131784985,0.6666666666666666,0.6666666666666666,False
long_01_sample14,43.75,3,PO4,-3.4461506160487554,0.7666666666666667,0.7666666666666667,False
long_01_sample14,44.25,3,PO4,-3.6957911885225156,0.6,0.6,False
long_01_sample14,44.75,3,PO4,-3.7440931929830015,0.7,0.7,False
long_01_sample14,45.25,3,PO4,-3.6225114666707743,0.7666666666666667,0.7666666666666667,False
long_01_sample14,45.75,3,PO4,-3.3541310236521076,0.5333333333333333,0.5333333333333333,False
long_01_sample14,46.25,3,PO4,-3.0382933048000216,0.4,0.4,False
long_01_sample14,46.75,3,PO4,-2.9888019297088344,0.6333333333333333,0.6333333333333333,False
long_01_sample14,47.25,3,PO4,-3.31972552305848,0.5666666666666667,0.5666666666666667,False
long_01_sample14,47.75,3,PO4,-3.8250993263995228,0.6666666666666666,0.6666666666666666,False
long_01_sample14,48.25,3,PO4,-4.445468742099786,0.5666666666666667,0.5666666666666667,False
long_01_sample14,48.75,3,PO4,-5.156904742008098,0.1,0.1,False
long_01_sample14,49.25,3,PO4,-5.192369210316439,0.5333333333333333,0.5333333333333333,False
long_01_sample14,49.75,3,PO4,-4.549631663312693,0.8333333333333334,0.8333333333333334,False
long_01_sample14,50.25,3,PO4,-4.13601942767563,0.8666666666666667,0.8666666666666667,False
long_01_sample14,50.75,3,PO4,-4.362160174617146,0.7333333333333333,0.7333333333333333,False
long_01_sample14,51.25,3,PO4,-4.77377221953329,0.7333333333333333,0.7333333333333333,False
long_01_sample14,51.75,3,PO4,-4.911735802223773,0.9,0.9,False
long_01_sample14,52.25,3,PO4,-4.88595326516511,0.8,0.8,False
long_01_sample14,52.75,3,PO4,-4.9509246707264145,0.5666666666666667,0.5666666666666667,False
long_01_sample14,53.25,3,PO4,-4.886483684407975,0.9,0.9,False
long_01_sample14,53.75,3,PO4,-4.599921182014741,0.9666666666666667,0.9666666666666667,False
long_01_sample14,54.25,3,PO4,-4.626376331129486,0.8666666666666667,0.8666666666666667,False
long_01_sample14,54.75,3,PO4,-5.2603119172069235,0.6666666666666666,0.6666666666666666,False
long_01_sample14,55.25,3,PO4,-6.1980428723908405,0.5,0.5,False
long_01_sample14,55.75,3,PO4,-6.932592278602167,0.5666666666666667,0.5666666666666667,False
long_01_sample14,56.25,3,PO4,-7.029297069604727,0.8666666666666667,0.8666666666666667,False
long_01_sample14,56.75,3,PO4,-6.306266182505059,0.6666666666666666,0.6666666666666666,False
long_01_sample14,57.25,3,PO4,-5.254773620026317,0.6666666666666666,0.6666666666666666,False
long_01_sample14,57.75,3,PO4,-4.883188676202128,0.5666666666666667,0.5666666666666667,False
long_01_sample14,58.25,3,PO4,-5.380014816465545,0.7333333333333333,0.7333333333333333,False
long_01_sample14,58.75,3,PO4,-5.736802102808131,0.8,0.8,False
long_01_sample14,59.25,3,PO4,-5.264856706632074,0.8666666666666667,0.8666666666666667,False
long_01_sample14,59.75,3,PO4,-4.135803138725129,0.8,0.8,False
long_01_sample14,60.25,3,PO4,-2.8058993690910543,0.7,0.7,False
long_01_sample14,0.25,4,O1,,0.03333333333333333,0.0,True
long_01_sample14,0.75,4,O1,,0.06666666666666667,0.0,True
long_01_sample14,1.25,4,O1,,0.26666666666666666,0.0,True
long_01_sample14,1.75,4,O1,,0.1,0.1,True
long_01_sample14,2.25,4,O1,,0.23333333333333334,0.0,True
long_01_sample14,2.75,4,O1,,0.3333333333333333,0.0,True
long_01_sample14,3.25,4,O1,,0.43333333333333335,0.0,True
long_01_sample14,3.75,4,O1,,0.5333333333333333,0.0,True
long_01_sample14,4.25,4,O1,,0.26666666666666666,0.0,True
long_01_sample14,4.75,4,O1,,0.5666666666666667,0.033333333333333326,True
long_01_sample14,5.25,4,O1,,0.43333333333333335,0.1333333333333333,True
long_01_sample14,5.75,4,O1,,0.43333333333333335,0.033333333333333326,True
long_01_sample14,6.25,4,O1,,0.23333333333333334,0.0,True
long_01_sample14,6.75,4,O1,,0.4,0.033333333333333326,True
long_01_sample14,7.25,4,O1,,0.2,0.09999999999999998,True
long_01_sample14,7.75,4,O1,,0.3333333333333333,0.033333333333333326,True
long_01_sample14,8.25,4,O1,,0.23333333333333334,0.0,True
long_01_sample14,8.75,4,O1,,0.36666666666666664,0.0,True
long_01_sample14,9.25,4,O1,,0.36666666666666664,0.033333333333333326,True
long_01_sample14,9.75,4,O1,,0.7666666666666667,0.033333333333333326,True
long_01_sample14,10.25,4,O1,,0.8666666666666667,0.1333333333333333,True
long_01_sample14,10.75,4,O1,,1.0,0.09999999999999998,True
long_01_sample14,11.25,4,O1,,0.9,0.033333333333333326,True
long_01_sample14,11.75,4,O1,,0.6666666666666666,0.06666666666666665,True
long_01_sample14,12.25,4,O1,,0.1,0.0,True
long_01_sample14,12.75,4,O1,,0.03333333333333333,0.03333333333333333,True
long_01_sample14,13.25,4,O1,,0.13333333333333333,0.13333333333333333,True
long_01_sample14,13.75,4,O1,,0.13333333333333333,0.13333333333333333,True
long_01_sample14,14.25,4,O1,,0.26666666666666666,0.26666666666666666,True
long_01_sample14,14.75,4,O1,,0.7333333333333333,0.5,True
long_01_sample14,15.25,4,O1,,0.9666666666666667,0.7666666666666666,True
long_01_sample14,15.75,4,O1,,0.7666666666666667,0.7666666666666666,True
long_01_sample14,16.25,4,O1,,0.7666666666666667,0.5333333333333333,True
long_01_sample14,16.75,4,O1,,0.7333333333333333,0.6333333333333333,True
long_01_sample14,17.25,4,O1,,0.7333333333333333,0.4,True
long_01_sample14,17.75,4,O1,,0.7,0.4,True
long_01_sample14,18.25,4,O1,,0.13333333333333333,0.0,True
long_01_sample14,18.75,4,O1,,0.9,0.43333333333333335,True
long_01_sample14,19.25,4,O1,,0.6666666666666666,0.5,True
long_01_sample14,19.75,4,O1,,0.8666666666666667,0.7333333333333334,True
long_01_sample14,20.25,4,O1,,0.8666666666666667,0.7333333333333334,True
long_01_sample14,20.75,4,O1,,0.9,0.8,True
long_01_sample14,21.25,4,O1,,0.9333333333333333,0.43333333333333335,True
long_01_sample14,21.75,4,O1,,0.7,0.19999999999999996,True
long_01_sample14,22.25,4,O1,,0.8666666666666667,0.5666666666666667,True
long_01_sample14,22.75,4,O1,,1.0,0.8,True
long_01_sample14,23.25,4,O1,,0.6,0.6,True
long_01_sample14,23.75,4,O1,,0.0,0.0,True
long_01_sample14,24.25,4,O1,,0.1,0.06666666666666665,True
long_01_sample14,24.75,4,O1,,0.9666666666666667,0.5,True
long_01_sample14,25.25,4,O1,,0.8333333333333334,0.3666666666666667,True
long_01_sample14,25.75,4,O1,,0.9333333333333333,0.3666666666666667,True
long_01_sample14,26.25,4,O1,,0.9666666666666667,0.4,True
long_01_sample14,26.75,4,O1,,1.0,0.5,True
long_01_sample14,27.25,4,O1,,0.9666666666666667,0.4,True
long_01_sample14,27.75,4,O1,,0.9333333333333333,0.6333333333333333,True
long_01_sample14,28.25,4,O1,,0.9,0.7,True
long_01_sample14,28.75,4,O1,,1.0,0.8333333333333334,True
long_01_sample14,29.25,4,O1,,0.7666666666666667,0.5,True
long_01_sample14,29.75,4,O1,,0.13333333333333333,0.033333333333333326,True
long_01_sample14,30.25,4,O1,,0.03333333333333333,0.03333333333333333,True
long_01_sample14,30.75,4,O1,,0.3333333333333333,0.3333333333333333,True
long_01_sample14,31.25,4,O1,,0.1,0.1,True
long_01_sample14,31.75,4,O1,,0.03333333333333333,0.03333333333333333,True
long_01_sample14,32.25,4,O1,,0.0,0.0,True
long_01_sample14,32.75,4,O1,,0.0,0.0,True
long_01_sample14,33.25,4,O1,,0.0,0.0,True
long_01_sample14,33.75,4,O1,,0.0,0.0,True
long_01_sample14,34.25,4,O1,,0.0,0.0,True
long_01_sample14,34.75,4,O1,,0.0,0.0,True
long_01_sample14,35.25,4,O1,,0.0,0.0,True
long_01_sample14,35.75,4,O1,,0.0,0.0,True
long_01_sample14,36.25,4,O1,,0.0,0.0,True
long_01_sample14,36.75,4,O1,,0.03333333333333333,0.03333333333333333,True
long_01_sample14,37.25,4,O1,,0.03333333333333333,0.03333333333333333,True
long_01_sample14,37.75,4,O1,,0.03333333333333333,0.03333333333333333,True
long_01_sample14,38.25,4,O1,,0.1,0.1,True
long_01_sample14,38.75,4,O1,,0.26666666666666666,0.26666666666666666,True
long_01_sample14,39.25,4,O1,,0.4,0.4,True
long_01_sample14,39.75,4,O1,,0.8333333333333334,0.8333333333333334,True
long_01_sample14,40.25,4,O1,,0.8,0.8,True
long_01_sample14,40.75,4,O1,,0.5666666666666667,0.5666666666666667,True
long_01_sample14,41.25,4,O1,,0.7666666666666667,0.6333333333333333,True
long_01_sample14,41.75,4,O1,,0.7,0.5,True
long_01_sample14,42.25,4,O1,,0.7333333333333333,0.19999999999999996,True
long_01_sample14,42.75,4,O1,,0.7666666666666667,0.6,True
long_01_sample14,43.25,4,O1,,0.6666666666666666,0.4666666666666667,True
long_01_sample14,43.75,4,O1,,0.7666666666666667,0.6666666666666667,True
long_01_sample14,44.25,4,O1,,0.6,0.6,True
long_01_sample14,44.75,4,O1,,0.7,0.5333333333333333,True
long_01_sample14,45.25,4,O1,,0.7666666666666667,0.5,True
long_01_sample14,45.75,4,O1,,0.5333333333333333,0.30000000000000004,True
long_01_sample14,46.25,4,O1,,0.4,0.23333333333333328,True
long_01_sample14,46.75,4,O1,,0.6333333333333333,0.6333333333333333,True
long_01_sample14,47.25,4,O1,,0.5666666666666667,0.19999999999999996,True
long_01_sample14,47.75,4,O1,,0.6666666666666666,0.43333333333333335,True
long_01_sample14,48.25,4,O1,,0.5666666666666667,0.30000000000000004,True
long_01_sample14,48.75,4,O1,,0.1,0.1,True
long_01_sample14,49.25,4,O1,,0.5333333333333333,0.5333333333333333,True
long_01_sample14,49.75,4,O1,,0.8333333333333334,0.8333333333333334,True
long_01_sample14,50.25,4,O1,,0.8666666666666667,0.6333333333333333,True
long_01_sample14,50.75,4,O1,,0.7333333333333333,0.6333333333333333,True
long_01_sample14,51.25,4,O1,,0.7333333333333333,0.6333333333333333,True
long_01_sample14,51.75,4,O1,,0.9,0.8,True
long_01_sample14,52.25,4,O1,,0.8,0.5333333333333333,True
long_01_sample14,52.75,4,O1,,0.5666666666666667,0.5666666666666667,True
long_01_sample14,53.25,4,O1,,0.9,0.9,True
long_01_sample14,53.75,4,O1,,0.9666666666666667,0.3666666666666667,True
long_01_sample14,54.25,4,O1,,0.8666666666666667,0.7666666666666666,True
long_01_sample14,54.75,4,O1,,0.6666666666666666,0.6666666666666666,True
long_01_sample14,55.25,4,O1,,0.5,0.5,True
long_01_sample14,55.75,4,O1,,0.5666666666666667,0.5666666666666667,True
long_01_sample14,56.25,4,O1,,0.8666666666666667,0.6,True
long_01_sample14,56.75,4,O1,,0.6666666666666666,0.6666666666666666,True
long_01_sample14,57.25,4,O1,,0.6666666666666666,0.43333333333333335,True
long_01_sample14,57.75,4,O1,,0.5666666666666667,0.43333333333333335,True
long_01_sample14,58.25,4,O1,,0.7333333333333333,0.23333333333333328,True
long_01_sample14,58.75,4,O1,,0.8,0.5666666666666667,True
long_01_sample14,59.25,4,O1,,0.8666666666666667,0.6333333333333333,True
long_01_sample14,59.75,4,O1,,0.8,0.8,True
long_01_sample14,60.25,4,O1,,0.7,0.5,True
long_01_sample14,0.25,5,Oz,,0.03333333333333333,0.0,True
long_01_sample14,0.75,5,Oz,,0.06666666666666667,0.06666666666666667,True
long_01_sample14,1.25,5,Oz,,0.26666666666666666,0.26666666666666666,True
long_01_sample14,1.75,5,Oz,,0.1,0.1,True
long_01_sample14,2.25,5,Oz,,0.23333333333333334,0.23333333333333334,True
long_01_sample14,2.75,5,Oz,,0.3333333333333333,0.16666666666666663,True
long_01_sample14,3.25,5,Oz,,0.43333333333333335,0.1333333333333333,True
long_01_sample14,3.75,5,Oz,,0.5333333333333333,0.19999999999999996,True
long_01_sample14,4.25,5,Oz,,0.26666666666666666,0.16666666666666663,True
long_01_sample14,4.75,5,Oz,,0.5666666666666667,0.09999999999999998,True
long_01_sample14,5.25,5,Oz,,0.43333333333333335,0.19999999999999996,True
long_01_sample14,5.75,5,Oz,,0.43333333333333335,0.1333333333333333,True
long_01_sample14,6.25,5,Oz,,0.23333333333333334,0.0,True
long_01_sample14,6.75,5,Oz,,0.4,0.2666666666666667,True
long_01_sample14,7.25,5,Oz,,0.2,0.2,True
long_01_sample14,7.75,5,Oz,,0.3333333333333333,0.3333333333333333,True
long_01_sample14,8.25,5,Oz,,0.23333333333333334,0.23333333333333334,True
long_01_sample14,8.75,5,Oz,,0.36666666666666664,0.33333333333333337,True
long_01_sample14,9.25,5,Oz,-0.9681967224743294,0.36666666666666664,0.33333333333333337,True
long_01_sample14,9.75,5,Oz,-1.4430239249394041,0.7666666666666667,0.4666666666666667,True
long_01_sample14,10.25,5,Oz,-1.7526396828412698,0.8666666666666667,0.5333333333333333,True
long_01_sample14,10.75,5,Oz,-1.5022094628669973,1.0,0.5,True
long_01_sample14,11.25,5,Oz,-0.6508591652157606,0.9,0.6333333333333333,True
long_01_sample14,11.75,5,Oz,0.3520693558350667,0.6666666666666666,0.4,True
long_01_sample14,12.25,5,Oz,1.1417622405437062,0.1,0.0,True
long_01_sample14,12.75,5,Oz,,0.03333333333333333,0.033333333333333326,True
long_01_sample14,13.25,5,Oz,,0.13333333333333333,0.033333333333333326,True
long_01_sample14,13.75,5,Oz,,0.13333333333333333,0.0,True
long_01_sample14,14.25,5,Oz,,0.26666666666666666,0.06666666666666665,True
long_01_sample14,14.75,5,Oz,,0.7333333333333333,0.0,True
long_01_sample14,15.25,5,Oz,,0.9666666666666667,0.09999999999999998,True
long_01_sample14,15.75,5,Oz,,0.7666666666666667,0.09999999999999998,True
long_01_sample14,16.25,5,Oz,,0.7666666666666667,0.1333333333333333,True
long_01_sample14,16.75,5,Oz,,0.7333333333333333,0.16666666666666663,True
long_01_sample14,17.25,5,Oz,,0.7333333333333333,0.16666666666666663,True
long_01_sample14,17.75,5,Oz,,0.7,0.09999999999999998,True
long_01_sample14,18.25,5,Oz,,0.13333333333333333,0.033333333333333326,True
long_01_sample14,18.75,5,Oz,-0.18473151037295538,0.9,0.6333333333333333,True
long_01_sample14,19.25,5,Oz,-0.5714755942489841,0.6666666666666666,0.33333333333333337,True
long_01_sample14,19.75,5,Oz,-1.2727369405123092,0.8666666666666667,0.33333333333333337,True
long_01_sample14,20.25,5,Oz,-1.5190782276360637,0.8666666666666667,0.43333333333333335,True
long_01_sample14,20.75,5,Oz,-1.4974481609591896,0.9,0.5,True
long_01_sample14,21.25,5,Oz,-1.4079380111886288,0.9333333333333333,0.4,True
long_01_sample14,21.75,5,Oz,-1.3013478044266888,0.7,0.23333333333333328,True
long_01_sample14,22.25,5,Oz,-1.2630340648162395,0.8666666666666667,0.33333333333333337,True
long_01_sample14,22.75,5,Oz,-1.319990134776012,1.0,0.3666666666666667,True
long_01_sample14,23.25,5,Oz,-1.3609499849845361,0.6,0.3666666666666667,True
long_01_sample14,23.75,5,Oz,-1.1374948111823522,0.0,0.0,True
long_01_sample14,24.25,5,Oz,-0.3117497829475399,0.1,0.1,True
long_01_sample14,24.75,5,Oz,0.0924030853744423,0.9666666666666667,0.6666666666666667,True
long_01_sample14,25.25,5,Oz,-0.4032900463318168,0.8333333333333334,0.6333333333333333,True
long_01_sample14,25.75,5,Oz,-1.8002978637545402,0.9333333333333333,0.8333333333333334,True
long_01_sample14,26.25,5,Oz,-3.3607195136518753,0.9666666666666667,0.8,True
long_01_sample14,26.75,5,Oz,-4.158271220618157,1.0,0.8333333333333334,True
long_01_sample14,27.25,5,Oz,-4.142271339560585,0.9666666666666667,0.6666666666666667,True
long_01_sample14,27.75,5,Oz,-3.838593971325253,0.9333333333333333,0.8333333333333334,True
long_01_sample14,28.25,5,Oz,-3.7243873753421846,0.9,0.6666666666666667,True
long_01_sample14,28.75,5,Oz,-3.9238854274966615,1.0,0.8666666666666667,True
long_01_sample14,29.25,5,Oz,-4.226464636117105,0.7666666666666667,0.7,True
long_01_sample14,29.75,5,Oz,-4.451073681252513,0.13333333333333333,0.0,True
long_01_sample14,30.25,5,Oz,,0.03333333333333333,0.0,True
long_01_sample14,30.75,5,Oz,,0.3333333333333333,0.1333333333333333,True
long_01_sample14,31.25,5,Oz,,0.1,0.033333333333333326,True
long_01_sample14,31.75,5,Oz,,0.03333333333333333,0.0,True
long_01_sample14,32.25,5,Oz,,0.0,0.0,True
long_01_sample14,32.75,5,Oz,,0.0,0.0,True
long_01_sample14,33.25,5,Oz,,0.0,0.0,True
long_01_sample14,33.75,5,Oz,,0.0,0.0,True
long_01_sample14,34.25,5,Oz,,0.0,0.0,True
long_01_sample14,34.75,5,Oz,,0.0,0.0,True
long_01_sample14,35.25,5,Oz,,0.0,0.0,True
long_01_sample14,35.75,5,Oz,,0.0,0.0,True
long_01_sample14,36.25,5,Oz,,0.0,0.0,True
long_01_sample14,36.75,5,Oz,,0.03333333333333333,0.0,True
long_01_sample14,37.25,5,Oz,,0.03333333333333333,0.03333333333333333,True
long_01_sample14,37.75,5,Oz,,0.03333333333333333,0.03333333333333333,True
long_01_sample14,38.25,5,Oz,,0.1,0.033333333333333326,True
long_01_sample14,38.75,5,Oz,,0.26666666666666666,0.06666666666666665,True
long_01_sample14,39.25,5,Oz,,0.4,0.033333333333333326,True
long_01_sample14,39.75,5,Oz,,0.8333333333333334,0.0,True
long_01_sample14,40.25,5,Oz,,0.8,0.0,True
long_01_sample14,40.75,5,Oz,,0.5666666666666667,0.033333333333333326,True
long_01_sample14,41.25,5,Oz,,0.7666666666666667,0.033333333333333326,True
long_01_sample14,41.75,5,Oz,,0.7,0.06666666666666665,True
long_01_sample14,42.25,5,Oz,,0.7333333333333333,0.0,True
long_01_sample14,42.75,5,Oz,,0.7666666666666667,0.0,True
long_01_sample14,43.25,5,Oz,,0.6666666666666666,0.0,True
long_01_sample14,43.75,5,Oz,,0.7666666666666667,0.0,True
long_01_sample14,44.25,5,Oz,,0.6,0.0,True
long_01_sample14,44.75,5,Oz,,0.7,0.0,True
long_01_sample14,45.25,5,Oz,,0.7666666666666667,0.0,True
long_01_sample14,45.75,5,Oz,,0.5333333333333333,0.0,True
long_01_sample14,46.25,5,Oz,,0.4,0.0,True
long_01_sample14,46.75,5,Oz,,0.6333333333333333,0.0,True
long_01_sample14,47.25,5,Oz,,0.5666666666666667,0.0,True
long_01_sample14,47.75,5,Oz,,0.6666666666666666,0.0,True
long_01_sample14,48.25,5,Oz,,0.5666666666666667,0.19999999999999996,True
long_01_sample14,48.75,5,Oz,8.026352918617553,0.1,0.1,True
long_01_sample14,49.25,5,Oz,10.079872988861677,0.5333333333333333,0.5333333333333333,True
long_01_sample14,49.75,5,Oz,12.336707598038412,0.8333333333333334,0.4,True
long_01_sample14,50.25,5,Oz,14.154745026688161,0.8666666666666667,0.16666666666666663,True
long_01_sample14,50.75,5,Oz,,0.7333333333333333,0.19999999999999996,True
long_01_sample14,51.25,5,Oz,10.654404027766157,0.7333333333333333,0.19999999999999996,True
long_01_sample14,51.75,5,Oz,10.687601164343521,0.9,0.5,True
long_01_sample14,52.25,5,Oz,10.604158413554728,0.8,0.0,True
long_01_sample14,52.75,5,Oz,8.614511021895911,0.5666666666666667,0.4,True
long_01_sample14,53.25,5,Oz,5.50400606854799,0.9,0.9,True
long_01_sample14,53.75,5,Oz,2.6845426102787346,0.9666666666666667,0.30000000000000004,True
long_01_sample14,54.25,5,Oz,,0.8666666666666667,0.1333333333333333,True
long_01_sample14,54.75,5,Oz,,0.6666666666666666,0.23333333333333328,True
long_01_sample14,55.25,5,Oz,12.641701278577592,0.5,0.23333333333333328,True
long_01_sample14,55.75,5,Oz,13.4775789971617,0.5666666666666667,0.5,True
long_01_sample14,56.25,5,Oz,14.310502776122528,0.8666666666666667,0.43333333333333335,True
long_01_sample14,56.75,5,Oz,15.075747411662347,0.6666666666666666,0.16666666666666663,True
long_01_sample14,57.25,5,Oz,,0.6666666666666666,0.16666666666666663,True
long_01_sample14,57.75,5,Oz,14.724082049162718,0.5666666666666667,0.033333333333333326,True
long_01_sample14,58.25,5,Oz,13.919264802468426,0.7333333333333333,0.43333333333333335,True
long_01_sample14,58.75,5,Oz,12.73698584142651,0.8,0.5333333333333333,True
long_01_sample14,59.25,5,Oz,10.973280338936403,0.8666666666666667,0.16666666666666663,True
long_01_sample14,59.75,5,Oz,9.389817341058153,0.8,0.3666666666666667,True
long_01_sample14,60.25,5,Oz,8.677931774342303,0.7,0.16666666666666663,True
long_01_sample14,0.25,6,O2,,0.03333333333333333,0.0,True
long_01_sample14,0.75,6,O2,,0.06666666666666667,0.0,True
long_01_sample14,1.25,6,O2,,0.26666666666666666,0.0,True
long_01_sample14,1.75,6,O2,,0.1,0.0,True
long_01_sample14,2.25,6,O2,,0.23333333333333334,0.0,True
long_01_sample14,2.75,6,O2,,0.3333333333333333,0.0,True
long_01_sample14,3.25,6,O2,,0.43333333333333335,0.0,True
long_01_sample14,3.75,6,O2,,0.5333333333333333,0.0,True
long_01_sample14,4.25,6,O2,,0.26666666666666666,0.0,True
long_01_sample14,4.75,6,O2,,0.5666666666666667,0.0,True
long_01_sample14,5.25,6,O2,,0.43333333333333335,0.0,True
long_01_sample14,5.75,6,O2,,0.43333333333333335,0.0,True
long_01_sample14,6.25,6,O2,,0.23333333333333334,0.0,True
long_01_sample14,6.75,6,O2,,0.4,0.0,True
long_01_sample14,7.25,6,O2,,0.2,0.0,True
long_01_sample14,7.75,6,O2,,0.3333333333333333,0.0,True
long_01_sample14,8.25,6,O2,,0.23333333333333334,0.0,True
long_01_sample14,8.75,6,O2,,0.36666666666666664,0.0,True
long_01_sample14,9.25,6,O2,,0.36666666666666664,0.0,True
long_01_sample14,9.75,6,O2,,0.7666666666666667,0.0,True
long_01_sample14,10.25,6,O2,,0.8666666666666667,0.033333333333333326,True
long_01_sample14,10.75,6,O2,,1.0,0.0,True
long_01_sample14,11.25,6,O2,,0.9,0.0,True
long_01_sample14,11.75,6,O2,,0.6666666666666666,0.0,True
long_01_sample14,12.25,6,O2,,0.1,0.0,True
long_01_sample14,12.75,6,O2,,0.03333333333333333,0.0,True
long_01_sample14,13.25,6,O2,,0.13333333333333333,0.0,True
long_01_sample14,13.75,6,O2,,0.13333333333333333,0.0,True
long_01_sample14,14.25,6,O2,,0.26666666666666666,0.033333333333333326,True
long_01_sample14,14.75,6,O2,,0.7333333333333333,0.09999999999999998,True
long_01_sample14,15.25,6,O2,,0.9666666666666667,0.09999999999999998,True
long_01_sample14,15.75,6,O2,,0.7666666666666667,0.1333333333333333,True
long_01_sample14,16.25,6,O2,,0.7666666666666667,0.06666666666666665,True
long_01_sample14,16.75,6,O2,,0.7333333333333333,0.0,True
long_01_sample14,17.25,6,O2,,0.7333333333333333,0.0,True
long_01_sample14,17.75,6,O2,,0.7,0.0,True
long_01_sample14,18.25,6,O2,,0.13333333333333333,0.0,True
long_01_sample14,18.75,6,O2,,0.9,0.06666666666666665,True
long_01_sample14,19.25,6,O2,,0.6666666666666666,0.06666666666666665,True
long_01_sample14,19.75,6,O2,,0.8666666666666667,0.033333333333333326,True
long_01_sample14,20.25,6,O2,,0.8666666666666667,0.0,True
long_01_sample14,20.75,6,O2,,0.9,0.0,True
long_01_sample14,21.25,6,O2,,0.9333333333333333,0.0,True
long_01_sample14,21.75,6,O2,,0.7,0.06666666666666665,True
long_01_sample14,22.25,6,O2,,0.8666666666666667,0.033333333333333326,True
long_01_sample14,22.75,6,O2,,1.0,0.0,True
long_01_sample14,23.25,6,O2,,0.6,0.0,True
long_01_sample14,23.75,6,O2,,0.0,0.0,True
long_01_sample14,24.25,6,O2,,0.1,0.0,True
long_01_sample14,24.75,6,O2,,0.9666666666666667,0.0,True
long_01_sample14,25.25,6,O2,,0.8333333333333334,0.0,True
long_01_sample14,25.75,6,O2,,0.9333333333333333,0.0,True
long_01_sample14,26.25,6,O2,,0.9666666666666667,0.0,True
long_01_sample14,26.75,6,O2,,1.0,0.0,True
long_01_sample14,27.25,6,O2,,0.9666666666666667,0.0,True
long_01_sample14,27.75,6,O2,,0.9333333333333333,0.0,True
long_01_sample14,28.25,6,O2,,0.9,0.0,True
long_01_sample14,28.75,6,O2,,1.0,0.0,True
long_01_sample14,29.25,6,O2,,0.7666666666666667,0.0,True
long_01_sample14,29.75,6,O2,,0.13333333333333333,0.0,True
long_01_sample14,30.25,6,O2,,0.03333333333333333,0.0,True
long_01_sample14,30.75,6,O2,,0.3333333333333333,0.0,True
long_01_sample14,31.25,6,O2,,0.1,0.0,True
long_01_sample14,31.75,6,O2,,0.03333333333333333,0.0,True
long_01_sample14,32.25,6,O2,,0.0,0.0,True
long_01_sample14,32.75,6,O2,,0.0,0.0,True
long_01_sample14,33.25,6,O2,,0.0,0.0,True
long_01_sample14,33.75,6,O2,,0.0,0.0,True
long_01_sample14,34.25,6,O2,,0.0,0.0,True
long_01_sample14,34.75,6,O2,,0.0,0.0,True
long_01_sample14,35.25,6,O2,,0.0,0.0,True
long_01_sample14,35.75,6,O2,,0.0,0.0,True
long_01_sample14,36.25,6,O2,,0.0,0.0,True
long_01_sample14,36.75,6,O2,,0.03333333333333333,0.0,True
long_01_sample14,37.25,6,O2,,0.03333333333333333,0.0,True
long_01_sample14,37.75,6,O2,,0.03333333333333333,0.0,True
long_01_sample14,38.25,6,O2,,0.1,0.0,True
long_01_sample14,38.75,6,O2,,0.26666666666666666,0.0,True
long_01_sample14,39.25,6,O2,,0.4,0.0,True
long_01_sample14,39.75,6,O2,,0.8333333333333334,0.0,True
long_01_sample14,40.25,6,O2,,0.8,0.0,True
long_01_sample14,40.75,6,O2,,0.5666666666666667,0.0,True
long_01_sample14,41.25,6,O2,,0.7666666666666667,0.0,True
long_01_sample14,41.75,6,O2,,0.7,0.0,True
long_01_sample14,42.25,6,O2,,0.7333333333333333,0.0,True
long_01_sample14,42.75,6,O2,,0.7666666666666667,0.0,True
long_01_sample14,43.25,6,O2,,0.6666666666666666,0.0,True
long_01_sample14,43.75,6,O2,,0.7666666666666667,0.0,True
long_01_sample14,44.25,6,O2,,0.6,0.0,True
long_01_sample14,44.75,6,O2,,0.7,0.0,True
long_01_sample14,45.25,6,O2,,0.7666666666666667,0.0,True
long_01_sample14,45.75,6,O2,,0.5333333333333333,0.0,True
long_01_sample14,46.25,6,O2,,0.4,0.0,True
long_01_sample14,46.75,6,O2,,0.6333333333333333,0.0,True
long_01_sample14,47.25,6,O2,,0.5666666666666667,0.0,True
long_01_sample14,47.75,6,O2,,0.6666666666666666,0.0,True
long_01_sample14,48.25,6,O2,,0.5666666666666667,0.0,True
long_01_sample14,48.75,6,O2,,0.1,0.0,True
long_01_sample14,49.25,6,O2,,0.5333333333333333,0.0,True
long_01_sample14,49.75,6,O2,,0.8333333333333334,0.0,True
long_01_sample14,50.25,6,O2,,0.8666666666666667,0.0,True
long_01_sample14,50.75,6,O2,,0.7333333333333333,0.0,True
long_01_sample14,51.25,6,O2,,0.7333333333333333,0.0,True
long_01_sample14,51.75,6,O2,,0.9,0.0,True
long_01_sample14,52.25,6,O2,,0.8,0.0,True
long_01_sample14,52.75,6,O2,,0.5666666666666667,0.0,True
long_01_sample14,53.25,6,O2,,0.9,0.0,True
long_01_sample14,53.75,6,O2,,0.9666666666666667,0.0,True
long_01_sample14,54.25,6,O2,,0.8666666666666667,0.0,True
long_01_sample14,54.75,6,O2,,0.6666666666666666,0.0,True
long_01_sample14,55.25,6,O2,,0.5,0.0,True
long_01_sample14,55.75,6,O2,,0.5666666666666667,0.0,True
long_01_sample14,56.25,6,O2,,0.8666666666666667,0.0,True
long_01_sample14,56.75,6,O2,,0.6666666666666666,0.0,True
long_01_sample14,57.25,6,O2,,0.6666666666666666,0.0,True
long_01_sample14,57.75,6,O2,,0.5666666666666667,0.0,True
long_01_sample14,58.25,6,O2,,0.7333333333333333,0.0,True
long_01_sample14,58.75,6,O2,,0.8,0.0,True
long_01_sample14,59.25,6,O2,,0.8666666666666667,0.0,True
long_01_sample14,59.75,6,O2,,0.8,0.0,True
long_01_sample14,60.25,6,O2,,0.7,0.0,True
long_02_sample15,0.25,0,CP5,,0.0,0.0,False
long_02_sample15,0.75,0,CP5,,0.0,0.0,False
long_02_sample15,1.25,0,CP5,,0.0,0.0,False
long_02_sample15,1.75,0,CP5,,0.0,0.0,False
long_02_sample15,2.25,0,CP5,,0.0,0.0,False
long_02_sample15,2.75,0,CP5,,0.0,0.0,False
long_02_sample15,3.25,0,CP5,,0.0,0.0,False
long_02_sample15,3.75,0,CP5,,0.0,0.0,False
long_02_sample15,4.25,0,CP5,,0.0,0.0,False
long_02_sample15,4.75,0,CP5,,0.0,0.0,False
long_02_sample15,5.25,0,CP5,,0.0,0.0,False
long_02_sample15,5.75,0,CP5,,0.0,0.0,False
long_02_sample15,6.25,0,CP5,,0.0,0.0,False
long_02_sample15,6.75,0,CP5,,0.0,0.0,False
long_02_sample15,7.25,0,CP5,,0.0,0.0,False
long_02_sample15,7.75,0,CP5,,0.0,0.0,False
long_02_sample15,8.25,0,CP5,,0.06666666666666667,0.06666666666666667,False
long_02_sample15,8.75,0,CP5,,0.06666666666666667,0.06666666666666667,False
long_02_sample15,9.25,0,CP5,,0.2,0.2,False
long_02_sample15,9.75,0,CP5,,0.06666666666666667,0.06666666666666667,False
long_02_sample15,10.25,0,CP5,,0.1,0.1,False
long_02_sample15,10.75,0,CP5,,0.16666666666666666,0.16666666666666666,False
long_02_sample15,11.25,0,CP5,,0.0,0.0,False
long_02_sample15,11.75,0,CP5,,0.13333333333333333,0.13333333333333333,False
long_02_sample15,12.25,0,CP5,,0.2,0.2,False
long_02_sample15,12.75,0,CP5,1.8455812546071402,0.0,0.0,False
long_02_sample15,13.25,0,CP5,1.3099246231684252,0.6,0.6,False
long_02_sample15,13.75,0,CP5,0.6297757272935481,0.7333333333333333,0.7333333333333333,False
long_02_sample15,14.25,0,CP5,-0.12932905732759356,0.6666666666666666,0.6666666666666666,False
long_02_sample15,14.75,0,CP5,-0.8581858270288453,0.7666666666666667,0.7666666666666667,False
long_02_sample15,15.25,0,CP5,-1.2237880211855432,0.7,0.7,False
long_02_sample15,15.75,0,CP5,-1.0435843166601586,0.7,0.7,False
long_02_sample15,16.25,0,CP5,-0.6446376403227275,0.7,0.7,False
long_02_sample15,16.75,0,CP5,-0.2189398915749425,0.5333333333333333,0.5333333333333333,False
long_02_sample15,17.25,0,CP5,0.3522210348096844,0.26666666666666666,0.26666666666666666,False
long_02_sample15,17.75,0,CP5,0.9365390200058836,0.5666666666666667,0.5666666666666667,False
long_02_sample15,18.25,0,CP5,1.4731729584622153,0.1,0.1,False
long_02_sample15,18.75,0,CP5,1.9094343577968795,0.16666666666666666,0.16666666666666666,False
long_02_sample15,19.25,0,CP5,1.7735723479164267,0.5333333333333333,0.5333333333333333,False
long_02_sample15,19.75,0,CP5,1.4595823688853442,0.7333333333333333,0.7333333333333333,False
long_02_sample15,20.25,0,CP5,1.2516473345806778,0.8333333333333334,0.8333333333333334,False
long_02_sample15,20.75,0,CP5,1.0550290219117568,0.5,0.5,False
long_02_sample15,21.25,0,CP5,0.6456637509169749,0.7333333333333333,0.7333333333333333,False
long_02_sample15,21.75,0,CP5,0.29639352242726624,0.8333333333333334,0.8333333333333334,False
long_02_sample15,22.25,0,CP5,0.3100471777618236,0.7666666666666667,0.7666666666666667,False
long_02_sample15,22.75,0,CP5,0.49926785319979927,0.7666666666666667,0.7666666666666667,False
long_02_sample15,23.25,0,CP5,0.6478973641924233,0.4666666666666667,0.4666666666666667,False
long_02_sample15,23.75,0,CP5,0.628204472870188,0.5666666666666667,0.5666666666666667,False
long_02_sample15,24.25,0,CP5,0.5462464268776805,0.7333333333333333,0.7333333333333333,False
long_02_sample15,24.75,0,CP5,0.6191398016171428,0.6333333333333333,0.6333333333333333,False
long_02_sample15,25.25,0,CP5,0.5971207847828223,0.5666666666666667,0.5666666666666667,False
long_02_sample15,25.75,0,CP5,0.22071815006289938,0.7666666666666667,0.7666666666666667,False
long_02_sample15,26.25,0,CP5,-0.33120475420885837,0.8,0.8,False
long_02_sample15,26.75,0,CP5,-1.020854552347569,0.9333333333333333,0.9333333333333333,False
long_02_sample15,27.25,0,CP5,-2.018565464677948,0.8333333333333334,0.8333333333333334,False
long_02_sample15,27.75,0,CP5,-3.0264292496312857,0.8,0.8,False
long_02_sample15,28.25,0,CP5,-3.354947207906881,0.9666666666666667,0.9666666666666667,False
long_02_sample15,28.75,0,CP5,-2.6418483077114834,0.5333333333333333,0.5333333333333333,False
long_02_sample15,29.25,0,CP5,-1.3439166569776704,0.36666666666666664,0.36666666666666664,False
long_02_sample15,29.75,0,CP5,-0.44542325594999654,0.5,0.5,False
long_02_sample15,30.25,0,CP5,-0.3791165196585376,0.5666666666666667,0.5666666666666667,False
long_02_sample15,30.75,0,CP5,-0.6632400288323436,0.8333333333333334,0.8333333333333334,False
long_02_sample15,31.25,0,CP5,-0.760560432755693,0.7666666666666667,0.7666666666666667,False
long_02_sample15,31.75,0,CP5,-0.7570712206628316,0.8666666666666667,0.8666666666666667,False
long_02_sample15,32.25,0,CP5,-1.0511478583547142,0.43333333333333335,0.43333333333333335,False
long_02_sample15,32.75,0,CP5,-1.8708656355761484,0.36666666666666664,0.36666666666666664,False
long_02_sample15,33.25,0,CP5,-3.0929466119243756,0.7666666666666667,0.7666666666666667,False
long_02_sample15,33.75,0,CP5,-4.122548542587259,1.0,1.0,False
long_02_sample15,34.25,0,CP5,-4.3761461254396545,1.0,1.0,False
long_02_sample15,34.75,0,CP5,-3.877552150536099,1.0,1.0,False
long_02_sample15,35.25,0,CP5,-3.111483034158766,1.0,1.0,False
long_02_sample15,35.75,0,CP5,-2.6138134866500407,0.8333333333333334,0.8333333333333334,False
long_02_sample15,36.25,0,CP5,-2.5459553189052877,1.0,1.0,False
long_02_sample15,36.75,0,CP5,-2.4843203640215266,0.9666666666666667,0.9666666666666667,False
long_02_sample15,37.25,0,CP5,-1.869766024464461,0.8666666666666667,0.8666666666666667,False
long_02_sample15,37.75,0,CP5,-0.8654487008480753,0.7,0.7,False
long_02_sample15,38.25,0,CP5,-0.13375035539995814,0.5666666666666667,0.5666666666666667,False
long_02_sample15,38.75,0,CP5,0.24352155796808025,0.6333333333333333,0.6333333333333333,False
long_02_sample15,39.25,0,CP5,0.6401902928312769,0.6666666666666666,0.6666666666666666,False
long_02_sample15,39.75,0,CP5,0.9110572732427239,0.4,0.4,False
long_02_sample15,40.25,0,CP5,0.7024771256323199,0.5666666666666667,0.5666666666666667,False
long_02_sample15,40.75,0,CP5,0.3130162069249579,0.8,0.8,False
long_02_sample15,41.25,0,CP5,0.2509904609666933,0.9,0.9,False
long_02_sample15,41.75,0,CP5,0.5159436565427526,0.8333333333333334,0.8333333333333334,False
long_02_sample15,42.25,0,CP5,0.6860666452840259,0.8,0.8,False
long_02_sample15,42.75,0,CP5,0.4833560003705691,0.8666666666666667,0.8666666666666667,False
long_02_sample15,43.25,0,CP5,0.03838042623126635,0.8666666666666667,0.8666666666666667,False
long_02_sample15,43.75,0,CP5,-0.4182903550110763,0.8333333333333334,0.8333333333333334,False
long_02_sample15,44.25,0,CP5,-0.7327122745762608,0.9,0.9,False
long_02_sample15,44.75,0,CP5,-0.8822777054860502,1.0,1.0,False
long_02_sample15,45.25,0,CP5,-0.9226812984288454,1.0,1.0,False
long_02_sample15,45.75,0,CP5,-0.9889959411893133,0.8333333333333334,0.8333333333333334,False
long_02_sample15,46.25,0,CP5,-1.3891850746373802,1.0,1.0,False
long_02_sample15,46.75,0,CP5,-1.9981126052550704,0.9666666666666667,0.9666666666666667,False
long_02_sample15,47.25,0,CP5,-2.2348113034098773,1.0,1.0,False
long_02_sample15,47.75,0,CP5,-2.031991419912189,0.8666666666666667,0.8666666666666667,False
long_02_sample15,48.25,0,CP5,-1.7658603963421504,0.9333333333333333,0.9333333333333333,False
long_02_sample15,48.75,0,CP5,-1.7214274791685766,0.9333333333333333,0.9333333333333333,False
long_02_sample15,49.25,0,CP5,-1.8750109598553655,1.0,1.0,False
long_02_sample15,49.75,0,CP5,-1.9159270499917573,0.9666666666666667,0.9666666666666667,False
long_02_sample15,50.25,0,CP5,-1.8003797018545615,0.8666666666666667,0.8666666666666667,False
long_02_sample15,50.75,0,CP5,-1.8832505159329598,0.9666666666666667,0.9666666666666667,False
long_02_sample15,51.25,0,CP5,-2.125597467350281,1.0,1.0,False
long_02_sample15,51.75,0,CP5,-2.073591131650941,0.8333333333333334,0.8333333333333334,False
long_02_sample15,52.25,0,CP5,-1.925809106196021,0.8333333333333334,0.8333333333333334,False
long_02_sample15,52.75,0,CP5,-2.255121893044266,1.0,1.0,False
long_02_sample15,53.25,0,CP5,-2.8444474534025845,0.7666666666666667,0.7666666666666667,False
long_02_sample15,0.25,1,CP6,,0.0,0.0,False
long_02_sample15,0.75,1,CP6,,0.0,0.0,False
long_02_sample15,1.25,1,CP6,,0.0,0.0,False
long_02_sample15,1.75,1,CP6,,0.0,0.0,False
long_02_sample15,2.25,1,CP6,,0.0,0.0,False
long_02_sample15,2.75,1,CP6,,0.0,0.0,False
long_02_sample15,3.25,1,CP6,,0.0,0.0,False
long_02_sample15,3.75,1,CP6,,0.0,0.0,False
long_02_sample15,4.25,1,CP6,,0.0,0.0,False
long_02_sample15,4.75,1,CP6,,0.0,0.0,False
long_02_sample15,5.25,1,CP6,,0.0,0.0,False
long_02_sample15,5.75,1,CP6,,0.0,0.0,False
long_02_sample15,6.25,1,CP6,,0.0,0.0,False
long_02_sample15,6.75,1,CP6,,0.0,0.0,False
long_02_sample15,7.25,1,CP6,,0.0,0.0,False
long_02_sample15,7.75,1,CP6,,0.0,0.0,False
long_02_sample15,8.25,1,CP6,,0.06666666666666667,0.06666666666666667,False
long_02_sample15,8.75,1,CP6,,0.06666666666666667,0.06666666666666667,False
long_02_sample15,9.25,1,CP6,,0.2,0.2,False
long_02_sample15,9.75,1,CP6,,0.06666666666666667,0.06666666666666667,False
long_02_sample15,10.25,1,CP6,,0.1,0.1,False
long_02_sample15,10.75,1,CP6,,0.16666666666666666,0.16666666666666666,False
long_02_sample15,11.25,1,CP6,,0.0,0.0,False
long_02_sample15,11.75,1,CP6,,0.13333333333333333,0.13333333333333333,False
long_02_sample15,12.25,1,CP6,,0.2,0.2,False
long_02_sample15,12.75,1,CP6,1.383753251271609,0.0,0.0,False
long_02_sample15,13.25,1,CP6,1.1890150564328308,0.6,0.6,False
long_02_sample15,13.75,1,CP6,0.8938900353490524,0.7333333333333333,0.7333333333333333,False
long_02_sample15,14.25,1,CP6,0.39719120447741574,0.6666666666666666,0.6666666666666666,False
long_02_sample15,14.75,1,CP6,-0.24978840182438602,0.7666666666666667,0.7666666666666667,False
long_02_sample15,15.25,1,CP6,-0.6853650111139773,0.7,0.7,False
long_02_sample15,15.75,1,CP6,-0.7667690451811882,0.7,0.7,False
long_02_sample15,16.25,1,CP6,-0.6732124718657367,0.7,0.7,False
long_02_sample15,16.75,1,CP6,-0.35238261647450775,0.5333333333333333,0.5333333333333333,False
long_02_sample15,17.25,1,CP6,0.5052151801924913,0.26666666666666666,0.26666666666666666,False
long_02_sample15,17.75,1,CP6,1.5295854165352254,0.5666666666666667,0.5666666666666667,False
long_02_sample15,18.25,1,CP6,2.0630971358868218,0.1,0.1,False
long_02_sample15,18.75,1,CP6,2.188682993248528,0.16666666666666666,0.16666666666666666,False
long_02_sample15,19.25,1,CP6,2.191737295189794,0.5333333333333333,0.5333333333333333,False
long_02_sample15,19.75,1,CP6,2.1921019451567325,0.7333333333333333,0.7333333333333333,False
long_02_sample15,20.25,1,CP6,2.1756401999375115,0.8333333333333334,0.8333333333333334,False
long_02_sample15,20.75,1,CP6,1.9509749126801086,0.5,0.5,False
long_02_sample15,21.25,1,CP6,1.376067285321929,0.7333333333333333,0.7333333333333333,False
long_02_sample15,21.75,1,CP6,0.7496497197450289,0.8333333333333334,0.8333333333333334,False
long_02_sample15,22.25,1,CP6,0.3321565587792935,0.7666666666666667,0.7666666666666667,False
long_02_sample15,22.75,1,CP6,0.14410190498478218,0.7666666666666667,0.7666666666666667,False
long_02_sample15,23.25,1,CP6,0.2941436232644791,0.4666666666666667,0.4666666666666667,False
long_02_sample15,23.75,1,CP6,0.6688435139674109,0.5666666666666667,0.5666666666666667,False
long_02_sample15,24.25,1,CP6,0.9892161369161705,0.7333333333333333,0.7333333333333333,False
long_02_sample15,24.75,1,CP6,1.1703606054247295,0.6333333333333333,0.6333333333333333,False
long_02_sample15,25.25,1,CP6,1.0240688503539035,0.5666666666666667,0.5666666666666667,False
long_02_sample15,25.75,1,CP6,0.4295063315886772,0.7666666666666667,0.7666666666666667,False
long_02_sample15,26.25,1,CP6,-0.2747822375960307,0.8,0.8,False
long_02_sample15,26.75,1,CP6,-0.9093776332375217,0.9333333333333333,0.9333333333333333,False
long_02_sample15,27.25,1,CP6,-1.725234592713361,0.8333333333333334,0.8333333333333334,False
long_02_sample15,27.75,1,CP6,-2.5395845052131465,0.8,0.8,False
long_02_sample15,28.25,1,CP6,-2.7152979581574463,0.9666666666666667,0.9666666666666667,False
long_02_sample15,28.75,1,CP6,-2.0800871762496915,0.5333333333333333,0.5333333333333333,False
long_02_sample15,29.25,1,CP6,-0.924842753130839,0.36666666666666664,0.36666666666666664,False
long_02_sample15,29.75,1,CP6,0.21534135071269364,0.5,0.5,False
long_02_sample15,30.25,1,CP6,0.6701227209997865,0.5666666666666667,0.5666666666666667,False
long_02_sample15,30.75,1,CP6,0.6110234846698559,0.8333333333333334,0.8333333333333334,False
long_02_sample15,31.25,1,CP6,0.694356227516558,0.7666666666666667,0.7666666666666667,False
long_02_sample15,31.75,1,CP6,0.5809376888700781,0.8666666666666667,0.8666666666666667,False
long_02_sample15,32.25,1,CP6,-0.344186332338001,0.43333333333333335,0.43333333333333335,False
long_02_sample15,32.75,1,CP6,-1.8345088239103964,0.36666666666666664,0.36666666666666664,False
long_02_sample15,33.25,1,CP6,-3.128806541984988,0.7666666666666667,0.7666666666666667,False
long_02_sample15,33.75,1,CP6,-3.6869773425946812,1.0,1.0,False
long_02_sample15,34.25,1,CP6,-3.6157421380764037,1.0,1.0,False
long_02_sample15,34.75,1,CP6,-3.375914120315005,1.0,1.0,False
long_02_sample15,35.25,1,CP6,-3.2423007269709463,1.0,1.0,False
long_02_sample15,35.75,1,CP6,-3.2607035730739904,0.8333333333333334,0.8333333333333334,False
long_02_sample15,36.25,1,CP6,-3.3676636212038673,1.0,1.0,False
long_02_sample15,36.75,1,CP6,-3.2660813577703545,0.9666666666666667,0.9666666666666667,False
long_02_sample15,37.25,1,CP6,-2.616688312550028,0.8666666666666667,0.8666666666666667,False
long_02_sample15,37.75,1,CP6,-1.653790093144146,0.7,0.7,False
long_02_sample15,38.25,1,CP6,-0.9919808835097113,0.5666666666666667,0.5666666666666667,False
long_02_sample15,38.75,1,CP6,-0.6993198856718824,0.6333333333333333,0.6333333333333333,False
long_02_sample15,39.25,1,CP6,-0.3805031642706445,0.6666666666666666,0.6666666666666666,False
long_02_sample15,39.75,1,CP6,0.027830512468687132,0.4,0.4,False
long_02_sample15,40.25,1,CP6,0.24690692621081142,0.5666666666666667,0.5666666666666667,False
long_02_sample15,40.75,1,CP6,0.1961837180035623,0.8,0.8,False
long_02_sample15,41.25,1,CP6,0.17003505639592342,0.9,0.9,False
long_02_sample15,41.75,1,CP6,0.42721820692936474,0.8333333333333334,0.8333333333333334,False
long_02_sample15,42.25,1,CP6,0.8023294132020223,0.8,0.8,False
long_02_sample15,42.75,1,CP6,0.9278691070277776,0.8666666666666667,0.8666666666666667,False
long_02_sample15,43.25,1,CP6,0.693059253345913,0.8666666666666667,0.8666666666666667,False
long_02_sample15,43.75,1,CP6,0.247843228683225,0.8333333333333334,0.8333333333333334,False
long_02_sample15,44.25,1,CP6,-0.166809296908896,0.9,0.9,False
long_02_sample15,44.75,1,CP6,-0.5056312540451975,1.0,1.0,False
long_02_sample15,45.25,1,CP6,-0.7937020973172303,1.0,1.0,False
long_02_sample15,45.75,1,CP6,-0.9201474002095729,0.8333333333333334,0.8333333333333334,False
long_02_sample15,46.25,1,CP6,-1.0841120287432489,1.0,1.0,False
long_02_sample15,46.75,1,CP6,-1.5270578947754938,0.9666666666666667,0.9666666666666667,False
long_02_sample15,47.25,1,CP6,-2.0047248138906095,1.0,1.0,False
long_02_sample15,47.75,1,CP6,-2.245509169769852,0.8666666666666667,0.8666666666666667,False
long_02_sample15,48.25,1,CP6,-2.333124958053422,0.9333333333333333,0.9333333333333333,False
long_02_sample15,48.75,1,CP6,-2.4195970893655483,0.9333333333333333,0.9333333333333333,False
long_02_sample15,49.25,1,CP6,-2.3532129412392297,1.0,1.0,False
long_02_sample15,49.75,1,CP6,-1.9747376492186983,0.9666666666666667,0.9666666666666667,False
long_02_sample15,50.25,1,CP6,-1.603517158464539,0.8666666666666667,0.8666666666666667,False
long_02_sample15,50.75,1,CP6,-1.5643481537792334,0.9666666666666667,0.9666666666666667,False
long_02_sample15,51.25,1,CP6,-1.4944607710240068,1.0,1.0,False
long_02_sample15,51.75,1,CP6,-1.1201025439006989,0.8333333333333334,0.8333333333333334,False
long_02_sample15,52.25,1,CP6,-0.9870810769880853,0.8333333333333334,0.8333333333333334,False
long_02_sample15,52.75,1,CP6,-1.4365983274355683,1.0,1.0,False
long_02_sample15,53.25,1,CP6,-2.0223849578690025,0.7666666666666667,0.7666666666666667,False
long_02_sample15,0.25,2,PO3,,0.0,0.0,False
long_02_sample15,0.75,2,PO3,,0.0,0.0,False
long_02_sample15,1.25,2,PO3,,0.0,0.0,False
long_02_sample15,1.75,2,PO3,,0.0,0.0,False
long_02_sample15,2.25,2,PO3,,0.0,0.0,False
long_02_sample15,2.75,2,PO3,,0.0,0.0,False
long_02_sample15,3.25,2,PO3,,0.0,0.0,False
long_02_sample15,3.75,2,PO3,,0.0,0.0,False
long_02_sample15,4.25,2,PO3,,0.0,0.0,False
long_02_sample15,4.75,2,PO3,,0.0,0.0,False
long_02_sample15,5.25,2,PO3,,0.0,0.0,False
long_02_sample15,5.75,2,PO3,,0.0,0.0,False
long_02_sample15,6.25,2,PO3,,0.0,0.0,False
long_02_sample15,6.75,2,PO3,,0.0,0.0,False
long_02_sample15,7.25,2,PO3,,0.0,0.0,False
long_02_sample15,7.75,2,PO3,,0.0,0.0,False
long_02_sample15,8.25,2,PO3,,0.06666666666666667,0.06666666666666667,False
long_02_sample15,8.75,2,PO3,,0.06666666666666667,0.06666666666666667,False
long_02_sample15,9.25,2,PO3,,0.2,0.2,False
long_02_sample15,9.75,2,PO3,,0.06666666666666667,0.06666666666666667,False
long_02_sample15,10.25,2,PO3,,0.1,0.1,False
long_02_sample15,10.75,2,PO3,,0.16666666666666666,0.16666666666666666,False
long_02_sample15,11.25,2,PO3,,0.0,0.0,False
long_02_sample15,11.75,2,PO3,,0.13333333333333333,0.13333333333333333,False
long_02_sample15,12.25,2,PO3,,0.2,0.2,False
long_02_sample15,12.75,2,PO3,1.1423898276934081,0.0,0.0,False
long_02_sample15,13.25,2,PO3,0.7830372272216839,0.6,0.6,False
long_02_sample15,13.75,2,PO3,0.38163306297422633,0.7333333333333333,0.7333333333333333,False
long_02_sample15,14.25,2,PO3,0.0552449712125729,0.6666666666666666,0.6666666666666666,False
long_02_sample15,14.75,2,PO3,-0.16997654180285374,0.7666666666666667,0.7666666666666667,False
long_02_sample15,15.25,2,PO3,-0.31760267038643214,0.7,0.7,False
long_02_sample15,15.75,2,PO3,-0.3409193490878737,0.7,0.7,False
long_02_sample15,16.25,2,PO3,-0.2194275326846232,0.7,0.7,False
long_02_sample15,16.75,2,PO3,0.12320557052337434,0.5333333333333333,0.5333333333333333,False
long_02_sample15,17.25,2,PO3,0.8793002605150444,0.26666666666666666,0.26666666666666666,False
long_02_sample15,17.75,2,PO3,1.7480600375615294,0.5666666666666667,0.5666666666666667,False
long_02_sample15,18.25,2,PO3,2.306443324514804,0.1,0.1,False
long_02_sample15,18.75,2,PO3,2.434255925130839,0.16666666666666666,0.16666666666666666,False
long_02_sample15,19.25,2,PO3,2.0953392608099812,0.5333333333333333,0.5333333333333333,False
long_02_sample15,19.75,2,PO3,1.7300910711580002,0.7333333333333333,0.7333333333333333,False
long_02_sample15,20.25,2,PO3,1.5396450345729402,0.8333333333333334,0.8333333333333334,False
long_02_sample15,20.75,2,PO3,1.2807108413929889,0.5,0.5,False
long_02_sample15,21.25,2,PO3,0.6413007090609345,0.7333333333333333,0.7333333333333333,False
long_02_sample15,21.75,2,PO3,-0.06315274196014256,0.8333333333333334,0.8333333333333334,False
long_02_sample15,22.25,2,PO3,-0.3606467827541594,0.7666666666666667,0.7666666666666667,False
long_02_sample15,22.75,2,PO3,-0.11504902418208934,0.7666666666666667,0.7666666666666667,False
long_02_sample15,23.25,2,PO3,0.5110908671225378,0.4666666666666667,0.4666666666666667,False
long_02_sample15,23.75,2,PO3,0.9231633935981164,0.5666666666666667,0.5666666666666667,False
long_02_sample15,24.25,2,PO3,0.763924915972173,0.7333333333333333,0.7333333333333333,False
long_02_sample15,24.75,2,PO3,0.4609832949275401,0.6333333333333333,0.6333333333333333,False
long_02_sample15,25.25,2,PO3,0.21141613639120654,0.5666666666666667,0.5666666666666667,False
long_02_sample15,25.75,2,PO3,-0.1861244448806812,0.7666666666666667,0.7666666666666667,False
long_02_sample15,26.25,2,PO3,-0.5794164809510939,0.8,0.8,False
long_02_sample15,26.75,2,PO3,-0.9030717706388887,0.9333333333333333,0.9333333333333333,False
long_02_sample15,27.25,2,PO3,-1.472049934638424,0.8333333333333334,0.8333333333333334,False
long_02_sample15,27.75,2,PO3,-2.0965028504007046,0.8,0.8,False
long_02_sample15,28.25,2,PO3,-2.042375680720915,0.9666666666666667,0.9666666666666667,False
long_02_sample15,28.75,2,PO3,-1.1155977020272547,0.5333333333333333,0.5333333333333333,False
long_02_sample15,29.25,2,PO3,0.02025766593198247,0.36666666666666664,0.36666666666666664,False
long_02_sample15,29.75,2,PO3,0.5481064988085453,0.5,0.5,False
long_02_sample15,30.25,2,PO3,0.22105025826052763,0.5666666666666667,0.5666666666666667,False
long_02_sample15,30.75,2,PO3,-0.39617623678600805,0.8333333333333334,0.8333333333333334,False
long_02_sample15,31.25,2,PO3,-0.672548862345467,0.7666666666666667,0.7666666666666667,False
long_02_sample15,31.75,2,PO3,-0.7835506049118428,0.8666666666666667,0.8666666666666667,False
long_02_sample15,32.25,2,PO3,-1.2502735295342098,0.43333333333333335,0.43333333333333335,False
long_02_sample15,32.75,2,PO3,-2.086869417526157,0.36666666666666664,0.36666666666666664,False
long_02_sample15,33.25,2,PO3,-2.7850325039811947,0.7666666666666667,0.7666666666666667,False
long_02_sample15,33.75,2,PO3,-2.942919989083512,1.0,1.0,False
long_02_sample15,34.25,2,PO3,-2.574318253938415,1.0,1.0,False
long_02_sample15,34.75,2,PO3,-1.8594081637201771,1.0,1.0,False
long_02_sample15,35.25,2,PO3,-1.0905050249713473,1.0,1.0,False
long_02_sample15,35.75,2,PO3,-0.6767211933852009,0.8333333333333334,0.8333333333333334,False
long_02_sample15,36.25,2,PO3,-0.6693853502036305,1.0,1.0,False
long_02_sample15,36.75,2,PO3,-0.6601897200880588,0.9666666666666667,0.9666666666666667,False
long_02_sample15,37.25,2,PO3,-0.5082922660277686,0.8666666666666667,0.8666666666666667,False
long_02_sample15,37.75,2,PO3,-0.38778955473162713,0.7,0.7,False
long_02_sample15,38.25,2,PO3,-0.25867481975426826,0.5666666666666667,0.5666666666666667,False
long_02_sample15,38.75,2,PO3,0.03260517310613206,0.6333333333333333,0.6333333333333333,False
long_02_sample15,39.25,2,PO3,0.45923107472530217,0.6666666666666666,0.6666666666666666,False
long_02_sample15,39.75,2,PO3,0.8494754188571997,0.4,0.4,False
long_02_sample15,40.25,2,PO3,0.9233022103081847,0.5666666666666667,0.5666666666666667,False
long_02_sample15,40.75,2,PO3,0.5894680234244462,0.8,0.8,False
long_02_sample15,41.25,2,PO3,0.28006101628988406,0.9,0.9,False
long_02_sample15,41.75,2,PO3,0.3937278771783776,0.8333333333333334,0.8333333333333334,False
long_02_sample15,42.25,2,PO3,0.7032532979660043,0.8,0.8,False
long_02_sample15,42.75,2,PO3,0.6593002670266225,0.8666666666666667,0.8666666666666667,False
long_02_sample15,43.25,2,PO3,0.12089409194531874,0.8666666666666667,0.8666666666666667,False
long_02_sample15,43.75,2,PO3,-0.5869582414016933,0.8333333333333334,0.8333333333333334,False
long_02_sample15,44.25,2,PO3,-0.9469995828481613,0.9,0.9,False
long_02_sample15,44.75,2,PO3,-0.6319749151959905,1.0,1.0,False
long_02_sample15,45.25,2,PO3,0.2115418038287784,1.0,1.0,False
long_02_sample15,45.75,2,PO3,0.8869701617004332,0.8333333333333334,0.8333333333333334,False
long_02_sample15,46.25,2,PO3,0.5083546339935157,1.0,1.0,False
long_02_sample15,46.75,2,PO3,-0.7428846201961863,0.9666666666666667,0.9666666666666667,False
long_02_sample15,47.25,2,PO3,-1.7224334859734498,1.0,1.0,False
long_02_sample15,47.75,2,PO3,-1.7157978323653145,0.8666666666666667,0.8666666666666667,False
long_02_sample15,48.25,2,PO3,-1.1818669933099026,0.9333333333333333,0.9333333333333333,False
long_02_sample15,48.75,2,PO3,-0.9252743547438945,0.9333333333333333,0.9333333333333333,False
long_02_sample15,49.25,2,PO3,-0.8115125212436773,1.0,1.0,False
long_02_sample15,49.75,2,PO3,-0.41757174737492864,0.9666666666666667,0.9666666666666667,False
long_02_sample15,50.25,2,PO3,-0.05562799099769328,0.8666666666666667,0.8666666666666667,False
long_02_sample15,50.75,2,PO3,-0.028012042671327543,0.9666666666666667,0.9666666666666667,False
long_02_sample15,51.25,2,PO3,0.09025924425265408,1.0,1.0,False
long_02_sample15,51.75,2,PO3,0.515064249788288,0.8333333333333334,0.8333333333333334,False
long_02_sample15,52.25,2,PO3,0.48980056657911886,0.8333333333333334,0.8333333333333334,False
long_02_sample15,52.75,2,PO3,-0.5160040170799142,1.0,1.0,False
long_02_sample15,53.25,2,PO3,-1.783604911612453,0.7666666666666667,0.7666666666666667,False
long_02_sample15,0.25,3,PO4,,0.0,0.0,False
long_02_sample15,0.75,3,PO4,,0.0,0.0,False
long_02_sample15,1.25,3,PO4,,0.0,0.0,False
long_02_sample15,1.75,3,PO4,,0.0,0.0,False
long_02_sample15,2.25,3,PO4,,0.0,0.0,False
long_02_sample15,2.75,3,PO4,,0.0,0.0,False
long_02_sample15,3.25,3,PO4,,0.0,0.0,False
long_02_sample15,3.75,3,PO4,,0.0,0.0,False
long_02_sample15,4.25,3,PO4,,0.0,0.0,False
long_02_sample15,4.75,3,PO4,,0.0,0.0,False
long_02_sample15,5.25,3,PO4,,0.0,0.0,False
long_02_sample15,5.75,3,PO4,,0.0,0.0,False
long_02_sample15,6.25,3,PO4,,0.0,0.0,False
long_02_sample15,6.75,3,PO4,,0.0,0.0,False
long_02_sample15,7.25,3,PO4,,0.0,0.0,False
long_02_sample15,7.75,3,PO4,,0.0,0.0,False
long_02_sample15,8.25,3,PO4,,0.06666666666666667,0.06666666666666667,False
long_02_sample15,8.75,3,PO4,,0.06666666666666667,0.06666666666666667,False
long_02_sample15,9.25,3,PO4,,0.2,0.2,False
long_02_sample15,9.75,3,PO4,,0.06666666666666667,0.06666666666666667,False
long_02_sample15,10.25,3,PO4,,0.1,0.1,False
long_02_sample15,10.75,3,PO4,,0.16666666666666666,0.16666666666666666,False
long_02_sample15,11.25,3,PO4,,0.0,0.0,False
long_02_sample15,11.75,3,PO4,,0.13333333333333333,0.13333333333333333,False
long_02_sample15,12.25,3,PO4,,0.2,0.2,False
long_02_sample15,12.75,3,PO4,0.7151773085676849,0.0,0.0,False
long_02_sample15,13.25,3,PO4,0.6649461529535363,0.6,0.6,False
long_02_sample15,13.75,3,PO4,0.5515315111188454,0.7333333333333333,0.7333333333333333,False
long_02_sample15,14.25,3,PO4,0.2386807093285193,0.6666666666666666,0.6666666666666666,False
long_02_sample15,14.75,3,PO4,-0.31302052399098074,0.7666666666666667,0.7666666666666667,False
long_02_sample15,15.25,3,PO4,-0.8061279158454961,0.7,0.7,False
long_02_sample15,15.75,3,PO4,-1.0338232633357576,0.7,0.7,False
long_02_sample15,16.25,3,PO4,-1.112777121396239,0.7,0.7,False
long_02_sample15,16.75,3,PO4,-0.9196693124952071,0.5333333333333333,0.5333333333333333,False
long_02_sample15,17.25,3,PO4,-0.01673761781092802,0.26666666666666666,0.26666666666666666,False
long_02_sample15,17.75,3,PO4,1.1663358541015232,0.5666666666666667,0.5666666666666667,False
long_02_sample15,18.25,3,PO4,1.6882034346638661,0.1,0.1,False
long_02_sample15,18.75,3,PO4,1.5544378332412903,0.16666666666666666,0.16666666666666666,False
long_02_sample15,19.25,3,PO4,1.3782999910926321,0.5333333333333333,0.5333333333333333,False
long_02_sample15,19.75,3,PO4,1.3035235978677713,0.7333333333333333,0.7333333333333333,False
long_02_sample15,20.25,3,PO4,1.3013673103352896,0.8333333333333334,0.8333333333333334,False
long_02_sample15,20.75,3,PO4,1.1545521436362318,0.5,0.5,False
long_02_sample15,21.25,3,PO4,0.6703564862879989,0.7333333333333333,0.7333333333333333,False
long_02_sample15,21.75,3,PO4,0.18541188517003032,0.8333333333333334,0.8333333333333334,False
long_02_sample15,22.25,3,PO4,-0.023713013516180215,0.7666666666666667,0.7666666666666667,False
long_02_sample15,22.75,3,PO4,-0.04569119019666307,0.7666666666666667,0.7666666666666667,False
long_02_sample15,23.25,3,PO4,0.14260217920038878,0.4666666666666667,0.4666666666666667,False
long_02_sample15,23.75,3,PO4,0.41281689714574554,0.5666666666666667,0.5666666666666667,False
long_02_sample15,24.25,3,PO4,0.5395014232573916,0.7333333333333333,0.7333333333333333,False
long_02_sample15,24.75,3,PO4,0.5864971001985612,0.6333333333333333,0.6333333333333333,False
long_02_sample15,25.25,3,PO4,0.3949322830378696,0.5666666666666667,0.5666666666666667,False
long_02_sample15,25.75,3,PO4,-0.23128361896186994,0.7666666666666667,0.7666666666666667,False
long_02_sample15,26.25,3,PO4,-0.9344198951639786,0.8,0.8,False
long_02_sample15,26.75,3,PO4,-1.4280696917499958,0.9333333333333333,0.9333333333333333,False
long_02_sample15,27.25,3,PO4,-1.9141639617128734,0.8333333333333334,0.8333333333333334,False
long_02_sample15,27.75,3,PO4,-2.3798167827188497,0.8,0.8,False
long_02_sample15,28.25,3,PO4,-2.3534275120531776,0.9666666666666667,0.9666666666666667,False
long_02_sample15,28.75,3,PO4,-1.6621766087108127,0.5333333333333333,0.5333333333333333,False
long_02_sample15,29.25,3,PO4,-0.7166507675040805,0.36666666666666664,0.36666666666666664,False
long_02_sample15,29.75,3,PO4,0.03596465906429297,0.5,0.5,False
long_02_sample15,30.25,3,PO4,0.3852213899817887,0.5666666666666667,0.5666666666666667,False
long_02_sample15,30.75,3,PO4,0.3925047979278953,0.8333333333333334,0.8333333333333334,False
long_02_sample15,31.25,3,PO4,0.3377971616243403,0.7666666666666667,0.7666666666666667,False
long_02_sample15,31.75,3,PO4,0.1992958328141141,0.8666666666666667,0.8666666666666667,False
long_02_sample15,32.25,3,PO4,-0.265324399359525,0.43333333333333335,0.43333333333333335,False
long_02_sample15,32.75,3,PO4,-1.050508893875211,0.36666666666666664,0.36666666666666664,False
long_02_sample15,33.25,3,PO4,-1.9057747111774241,0.7666666666666667,0.7666666666666667,False
long_02_sample15,33.75,3,PO4,-2.458053631696407,1.0,1.0,False
long_02_sample15,34.25,3,PO4,-2.531049619740471,1.0,1.0,False
long_02_sample15,34.75,3,PO4,-2.3170376064371982,1.0,1.0,False
long_02_sample15,35.25,3,PO4,-2.1383102654901105,1.0,1.0,False
long_02_sample15,35.75,3,PO4,-2.1625586111076807,0.8333333333333334,0.8333333333333334,False
long_02_sample15,36.25,3,PO4,-2.26439530746155,1.0,1.0,False
long_02_sample15,36.75,3,PO4,-2.1409259818879143,0.9666666666666667,0.9666666666666667,False
long_02_sample15,37.25,3,PO4,-1.616307897111726,0.8666666666666667,0.8666666666666667,False
long_02_sample15,37.75,3,PO4,-0.8348358929692759,0.7,0.7,False
long_02_sample15,38.25,3,PO4,-0.12428536442706427,0.5666666666666667,0.5666666666666667,False
long_02_sample15,38.75,3,PO4,0.402906900338437,0.6333333333333333,0.6333333333333333,False
long_02_sample15,39.25,3,PO4,0.9124737583979631,0.6666666666666666,0.6666666666666666,False
long_02_sample15,39.75,3,PO4,1.4259963191125689,0.4,0.4,False
long_02_sample15,40.25,3,PO4,1.7580903058227286,0.5666666666666667,0.5666666666666667,False
long_02_sample15,40.75,3,PO4,1.8731832422183232,0.8,0.8,False
long_02_sample15,41.25,3,PO4,1.9293763611331425,0.9,0.9,False
long_02_sample15,41.75,3,PO4,2.0931457925303047,0.8333333333333334,0.8333333333333334,False
long_02_sample15,42.25,3,PO4,2.2787496481374716,0.8,0.8,False
long_02_sample15,42.75,3,PO4,2.2006165595408027,0.8666666666666667,0.8666666666666667,False
long_02_sample15,43.25,3,PO4,1.8106224215967563,0.8666666666666667,0.8666666666666667,False
long_02_sample15,43.75,3,PO4,1.2387336908437643,0.8333333333333334,0.8333333333333334,False
long_02_sample15,44.25,3,PO4,0.6582566583294573,0.9,0.9,False
long_02_sample15,44.75,3,PO4,0.19598839911342752,1.0,1.0,False
long_02_sample15,45.25,3,PO4,-0.10705660286563762,1.0,1.0,False
long_02_sample15,45.75,3,PO4,-0.24315560649762974,0.8333333333333334,0.8333333333333334,False
long_02_sample15,46.25,3,PO4,-0.3868518649996742,1.0,1.0,False
long_02_sample15,46.75,3,PO4,-0.5149307023803419,0.9666666666666667,0.9666666666666667,False
long_02_sample15,47.25,3,PO4,-0.3208373797062535,1.0,1.0,False
long_02_sample15,47.75,3,PO4,0.05434568500901421,0.8666666666666667,0.8666666666666667,False
long_02_sample15,48.25,3,PO4,0.10611269617472742,0.9333333333333333,0.9333333333333333,False
long_02_sample15,48.75,3,PO4,-0.2108354749189472,0.9333333333333333,0.9333333333333333,False
long_02_sample15,49.25,3,PO4,-0.43309944172539594,1.0,1.0,False
long_02_sample15,49.75,3,PO4,-0.2529734076091335,0.9666666666666667,0.9666666666666667,False
long_02_sample15,50.25,3,PO4,0.05566538246735493,0.8666666666666667,0.8666666666666667,False
long_02_sample15,50.75,3,PO4,0.10557859492257213,0.9666666666666667,0.9666666666666667,False
long_02_sample15,51.25,3,PO4,0.13502684422627537,1.0,1.0,False
long_02_sample15,51.75,3,PO4,0.4019335047880644,0.8333333333333334,0.8333333333333334,False
long_02_sample15,52.25,3,PO4,0.41657158599578964,0.8333333333333334,0.8333333333333334,False
long_02_sample15,52.75,3,PO4,-0.1681123855542032,1.0,1.0,False
long_02_sample15,53.25,3,PO4,-0.8963317899348835,0.7666666666666667,0.7666666666666667,False
long_02_sample15,0.25,4,O1,,0.0,0.0,False
long_02_sample15,0.75,4,O1,,0.0,0.0,False
long_02_sample15,1.25,4,O1,,0.0,0.0,False
long_02_sample15,1.75,4,O1,,0.0,0.0,False
long_02_sample15,2.25,4,O1,,0.0,0.0,False
long_02_sample15,2.75,4,O1,,0.0,0.0,False
long_02_sample15,3.25,4,O1,,0.0,0.0,False
long_02_sample15,3.75,4,O1,,0.0,0.0,False
long_02_sample15,4.25,4,O1,,0.0,0.0,False
long_02_sample15,4.75,4,O1,,0.0,0.0,False
long_02_sample15,5.25,4,O1,,0.0,0.0,False
long_02_sample15,5.75,4,O1,,0.0,0.0,False
long_02_sample15,6.25,4,O1,,0.0,0.0,False
long_02_sample15,6.75,4,O1,,0.0,0.0,False
long_02_sample15,7.25,4,O1,,0.0,0.0,False
long_02_sample15,7.75,4,O1,,0.0,0.0,False
long_02_sample15,8.25,4,O1,,0.06666666666666667,0.06666666666666667,False
long_02_sample15,8.75,4,O1,,0.06666666666666667,0.06666666666666667,False
long_02_sample15,9.25,4,O1,,0.2,0.19999999999999996,False
long_02_sample15,9.75,4,O1,,0.06666666666666667,0.06666666666666667,False
long_02_sample15,10.25,4,O1,,0.1,0.09999999999999998,False
long_02_sample15,10.75,4,O1,,0.16666666666666666,0.16666666666666666,False
long_02_sample15,11.25,4,O1,,0.0,0.0,False
long_02_sample15,11.75,4,O1,,0.13333333333333333,0.1333333333333333,False
long_02_sample15,12.25,4,O1,,0.2,0.2,False
long_02_sample15,12.75,4,O1,1.1366188958639887,0.0,0.0,False
long_02_sample15,13.25,4,O1,0.7945732694796808,0.6,0.6,False
long_02_sample15,13.75,4,O1,0.31424776179554326,0.7333333333333333,0.7333333333333333,False
long_02_sample15,14.25,4,O1,-0.25813081041055636,0.6666666666666666,0.6666666666666666,False
long_02_sample15,14.75,4,O1,-0.8018614907143828,0.7666666666666667,0.7666666666666667,False
long_02_sample15,15.25,4,O1,-1.1170031256458672,0.7,0.7,False
long_02_sample15,15.75,4,O1,-1.0815095835610207,0.7,0.7,False
long_02_sample15,16.25,4,O1,-0.7429573298925317,0.7,0.7,False
long_02_sample15,16.75,4,O1,-0.12240741709683216,0.5333333333333333,0.5333333333333333,False
long_02_sample15,17.25,4,O1,0.7724354172180319,0.26666666666666666,0.26666666666666666,False
long_02_sample15,17.75,4,O1,1.5060197094904346,0.5666666666666667,0.5666666666666667,False
long_02_sample15,18.25,4,O1,1.606786226399067,0.1,0.1,False
long_02_sample15,18.75,4,O1,1.1589472403775707,0.16666666666666666,0.16666666666666666,False
long_02_sample15,19.25,4,O1,0.8359744944963295,0.5333333333333333,0.5333333333333333,False
long_02_sample15,19.75,4,O1,0.7108030133201032,0.7333333333333333,0.7333333333333333,False
long_02_sample15,20.25,4,O1,0.788921011591993,0.8333333333333334,0.8333333333333334,False
long_02_sample15,20.75,4,O1,0.8336347760337673,0.5,0.5,False
long_02_sample15,21.25,4,O1,0.4808624446313801,0.7333333333333333,0.7333333333333333,False
long_02_sample15,21.75,4,O1,0.006770799623330248,0.8333333333333334,0.8333333333333334,False
long_02_sample15,22.25,4,O1,-0.18464512599677982,0.7666666666666667,0.7666666666666667,False
long_02_sample15,22.75,4,O1,-0.12815966830547187,0.7666666666666667,0.7666666666666667,False
long_02_sample15,23.25,4,O1,-0.016790858094012547,0.4666666666666667,0.4666666666666667,False
long_02_sample15,23.75,4,O1,-0.030198024350479108,0.5666666666666667,0.5666666666666667,False
long_02_sample15,24.25,4,O1,-0.0931979560093211,0.7333333333333333,0.7333333333333333,False
long_02_sample15,24.75,4,O1,0.020218002393567122,0.6333333333333333,0.6333333333333333,False
long_02_sample15,25.25,4,O1,0.04357338141511914,0.5666666666666667,0.5666666666666667,False
long_02_sample15,25.75,4,O1,-0.4724193200633338,0.7666666666666667,0.7666666666666666,False
long_02_sample15,26.25,4,O1,-1.286199052494503,0.8,0.8,False
long_02_sample15,26.75,4,O1,-1.9312595200138043,0.9333333333333333,0.9333333333333333,False
long_02_sample15,27.25,4,O1,-2.5116843051789832,0.8333333333333334,0.8333333333333334,False
long_02_sample15,27.75,4,O1,-3.1032353008115776,0.8,0.8,False
long_02_sample15,28.25,4,O1,-3.174574490353889,0.9666666666666667,0.9666666666666667,False
long_02_sample15,28.75,4,O1,-2.3801008310205582,0.5333333333333333,0.5333333333333333,False
long_02_sample15,29.25,4,O1,-1.1719259905087187,0.36666666666666664,0.36666666666666664,False
long_02_sample15,29.75,4,O1,-0.3188428703405757,0.5,0.5,False
long_02_sample15,30.25,4,O1,-0.2397605654419222,0.5666666666666667,0.5666666666666667,False
long_02_sample15,30.75,4,O1,-0.5943185627398501,0.8333333333333334,0.8333333333333334,False
long_02_sample15,31.25,4,O1,-0.6842924405028245,0.7666666666666667,0.7666666666666667,False
long_02_sample15,31.75,4,O1,-0.4695834149087999,0.8666666666666667,0.8666666666666667,False
long_02_sample15,32.25,4,O1,-0.5556796285183112,0.43333333333333335,0.43333333333333335,False
long_02_sample15,32.75,4,O1,-1.290119230769208,0.36666666666666664,0.36666666666666664,False
long_02_sample15,33.25,4,O1,-2.3426102762295877,0.7666666666666667,0.7666666666666667,False
long_02_sample15,33.75,4,O1,-3.1503444529964186,1.0,1.0,False
long_02_sample15,34.25,4,O1,-3.4633211174331615,1.0,1.0,False
long_02_sample15,34.75,4,O1,-3.2873108858114284,1.0,1.0,False
long_02_sample15,35.25,4,O1,-2.8439134260818593,1.0,1.0,False
long_02_sample15,35.75,4,O1,-2.5356419805759858,0.8333333333333334,0.8333333333333334,False
long_02_sample15,36.25,4,O1,-2.394999331167088,1.0,1.0,False
long_02_sample15,36.75,4,O1,-2.004759230314204,0.9666666666666667,0.9666666666666667,False
long_02_sample15,37.25,4,O1,-1.1974119445362184,0.8666666666666667,0.8666666666666667,False
long_02_sample15,37.75,4,O1,-0.24885083933837937,0.7,0.7,False
long_02_sample15,38.25,4,O1,0.5257425277836648,0.5666666666666667,0.5666666666666667,False
long_02_sample15,38.75,4,O1,1.0229072252169078,0.6333333333333333,0.6333333333333333,False
long_02_sample15,39.25,4,O1,1.280691830669315,0.6666666666666666,0.6666666666666666,False
long_02_sample15,39.75,4,O1,1.2755155277320562,0.4,0.4,False
long_02_sample15,40.25,4,O1,0.9919002407777546,0.5666666666666667,0.5666666666666667,False
long_02_sample15,40.75,4,O1,0.5868713674314241,0.8,0.8,False
long_02_sample15,41.25,4,O1,0.3677546033504898,0.9,0.9,False
long_02_sample15,41.75,4,O1,0.4751505934515331,0.8333333333333334,0.8333333333333334,False
long_02_sample15,42.25,4,O1,0.684950626293596,0.8,0.8,False
long_02_sample15,42.75,4,O1,0.6470567956004372,0.8666666666666667,0.8666666666666667,False
long_02_sample15,43.25,4,O1,0.19234243346912555,0.8666666666666667,0.8666666666666667,False
long_02_sample15,43.75,4,O1,-0.5910155171953824,0.8333333333333334,0.8333333333333334,False
long_02_sample15,44.25,4,O1,-1.2265377477302688,0.9,0.9,False
long_02_sample15,44.75,4,O1,-1.421250597898264,1.0,1.0,False
long_02_sample15,45.25,4,O1,-1.4046001410096165,1.0,1.0,False
long_02_sample15,45.75,4,O1,-1.4424784501693526,0.8333333333333334,0.8333333333333334,False
long_02_sample15,46.25,4,O1,-1.7969493572849873,1.0,1.0,False
long_02_sample15,46.75,4,O1,-2.389002015947569,0.9666666666666667,0.9666666666666667,False
long_02_sample15,47.25,4,O1,-2.697054409551134,1.0,1.0,False
long_02_sample15,47.75,4,O1,-2.585657047983201,0.8666666666666667,0.8666666666666667,False
long_02_sample15,48.25,4,O1,-2.4076026742851617,0.9333333333333333,0.9333333333333333,False
long_02_sample15,48.75,4,O1,-2.3919185072194535,0.9333333333333333,0.9333333333333333,False
long_02_sample15,49.25,4,O1,-2.3935771250476727,1.0,1.0,False
long_02_sample15,49.75,4,O1,-2.1865831854848072,0.9666666666666667,0.9666666666666667,False
long_02_sample15,50.25,4,O1,-1.894657501551594,0.8666666666666667,0.8666666666666667,False
long_02_sample15,50.75,4,O1,-1.8184217165846013,0.9666666666666667,0.9666666666666667,False
long_02_sample15,51.25,4,O1,-1.7500579546354542,1.0,1.0,False
long_02_sample15,51.75,4,O1,-1.4237307270086137,0.8333333333333334,0.8333333333333334,False
long_02_sample15,52.25,4,O1,-1.2488949399591918,0.8333333333333334,0.8333333333333334,False
long_02_sample15,52.75,4,O1,-1.6021527712640915,1.0,1.0,False
long_02_sample15,53.25,4,O1,-2.183598076926714,0.7666666666666667,0.7666666666666667,False
long_02_sample15,0.25,5,Oz,,0.0,0.0,True
long_02_sample15,0.75,5,Oz,,0.0,0.0,True
long_02_sample15,1.25,5,Oz,,0.0,0.0,True
long_02_sample15,1.75,5,Oz,,0.0,0.0,True
long_02_sample15,2.25,5,Oz,,0.0,0.0,True
long_02_sample15,2.75,5,Oz,,0.0,0.0,True
long_02_sample15,3.25,5,Oz,,0.0,0.0,True
long_02_sample15,3.75,5,Oz,,0.0,0.0,True
long_02_sample15,4.25,5,Oz,,0.0,0.0,True
long_02_sample15,4.75,5,Oz,,0.0,0.0,True
long_02_sample15,5.25,5,Oz,,0.0,0.0,True
long_02_sample15,5.75,5,Oz,,0.0,0.0,True
long_02_sample15,6.25,5,Oz,,0.0,0.0,True
long_02_sample15,6.75,5,Oz,,0.0,0.0,True
long_02_sample15,7.25,5,Oz,,0.0,0.0,True
long_02_sample15,7.75,5,Oz,,0.0,0.0,True
long_02_sample15,8.25,5,Oz,,0.06666666666666667,0.06666666666666667,True
long_02_sample15,8.75,5,Oz,,0.06666666666666667,0.06666666666666667,True
long_02_sample15,9.25,5,Oz,,0.2,0.2,True
long_02_sample15,9.75,5,Oz,,0.06666666666666667,0.06666666666666667,True
long_02_sample15,10.25,5,Oz,,0.1,0.1,True
long_02_sample15,10.75,5,Oz,,0.16666666666666666,0.16666666666666666,True
long_02_sample15,11.25,5,Oz,,0.0,0.0,True
long_02_sample15,11.75,5,Oz,,0.13333333333333333,0.13333333333333333,True
long_02_sample15,12.25,5,Oz,,0.2,0.2,True
long_02_sample15,12.75,5,Oz,2.432097017483325,0.0,0.0,True
long_02_sample15,13.25,5,Oz,1.6910762964818906,0.6,0.6,True
long_02_sample15,13.75,5,Oz,0.9955177859513838,0.7333333333333333,0.7333333333333333,True
long_02_sample15,14.25,5,Oz,0.44539133519852603,0.6666666666666666,0.6666666666666666,True
long_02_sample15,14.75,5,Oz,-0.19117221277107285,0.7666666666666667,0.7666666666666667,True
long_02_sample15,15.25,5,Oz,-0.8142963361647452,0.7,0.7,True
long_02_sample15,15.75,5,Oz,-1.0759108637022203,0.7,0.7,True
long_02_sample15,16.25,5,Oz,-1.0571720586827802,0.7,0.7,True
long_02_sample15,16.75,5,Oz,-0.6585977880154467,0.5333333333333333,0.5333333333333333,True
long_02_sample15,17.25,5,Oz,0.555537308202754,0.26666666666666666,0.26666666666666666,True
long_02_sample15,17.75,5,Oz,1.9251273620020615,0.5666666666666667,0.5666666666666667,True
long_02_sample15,18.25,5,Oz,2.0365704806696523,0.1,0.06666666666666665,True
long_02_sample15,18.75,5,Oz,1.073767717597108,0.16666666666666666,0.16666666666666666,True
long_02_sample15,19.25,5,Oz,0.8374254444443056,0.5333333333333333,0.5333333333333333,True
long_02_sample15,19.75,5,Oz,0.9686994719596196,0.7333333333333333,0.7333333333333333,True
long_02_sample15,20.25,5,Oz,0.8430421702906975,0.8333333333333334,0.8333333333333334,True
long_02_sample15,20.75,5,Oz,0.17896691568146034,0.5,0.5,True
long_02_sample15,21.25,5,Oz,-0.7025105502278957,0.7333333333333333,0.7333333333333333,True
long_02_sample15,21.75,5,Oz,-1.2925524420996317,0.8333333333333334,0.8333333333333334,True
long_02_sample15,22.25,5,Oz,-1.535937561987108,0.7666666666666667,0.7666666666666667,True
long_02_sample15,22.75,5,Oz,-1.346289427982172,0.7666666666666667,0.7666666666666667,True
long_02_sample15,23.25,5,Oz,-0.5976912173931221,0.4666666666666667,0.4666666666666667,True
long_02_sample15,23.75,5,Oz,-0.013814548294848628,0.5666666666666667,0.5666666666666667,True
long_02_sample15,24.25,5,Oz,-0.1292147008037896,0.7333333333333333,0.7333333333333333,True
long_02_sample15,24.75,5,Oz,-0.3243065503196543,0.6333333333333333,0.5666666666666667,True
long_02_sample15,25.25,5,Oz,-0.4245308565704181,0.5666666666666667,0.5666666666666667,True
long_02_sample15,25.75,5,Oz,-0.9101927495476982,0.7666666666666667,0.7666666666666667,True
long_02_sample15,26.25,5,Oz,-1.6154208571327258,0.8,0.8,True
long_02_sample15,26.75,5,Oz,-1.6612482370753914,0.9333333333333333,0.9333333333333333,True
long_02_sample15,27.25,5,Oz,-0.508637661034595,0.8333333333333334,0.7666666666666666,True
long_02_sample15,27.75,5,Oz,1.5211711979704636,0.8,0.8,True
long_02_sample15,28.25,5,Oz,3.722015837682997,0.9666666666666667,0.8,True
long_02_sample15,28.75,5,Oz,5.302664981247052,0.5333333333333333,0.43333333333333335,True
long_02_sample15,29.25,5,Oz,5.00244094116708,0.36666666666666664,0.19999999999999996,True
long_02_sample15,29.75,5,Oz,3.226545417864428,0.5,0.43333333333333335,True
long_02_sample15,30.25,5,Oz,1.8969331165677075,0.5666666666666667,0.3666666666666667,True
long_02_sample15,30.75,5,Oz,1.0681562795372586,0.8333333333333334,0.5333333333333333,True
long_02_sample15,31.25,5,Oz,0.6059814943718355,0.7666666666666667,0.5333333333333333,True
long_02_sample15,31.75,5,Oz,0.4876121471687732,0.8666666666666667,0.7333333333333334,True
long_02_sample15,32.25,5,Oz,0.3933386660976771,0.43333333333333335,0.43333333333333335,True
long_02_sample15,32.75,5,Oz,-0.15832647830051635,0.36666666666666664,0.36666666666666664,True
long_02_sample15,33.25,5,Oz,-1.0446137424619237,0.7666666666666667,0.7666666666666667,True
long_02_sample15,33.75,5,Oz,-1.4572178585847329,1.0,0.7666666666666666,True
long_02_sample15,34.25,5,Oz,-0.9286858381652613,1.0,0.5666666666666667,True
long_02_sample15,34.75,5,Oz,0.0016931998811082118,1.0,0.5666666666666667,True
long_02_sample15,35.25,5,Oz,0.4561927415478689,1.0,0.5666666666666667,True
long_02_sample15,35.75,5,Oz,-0.015554453839223204,0.8333333333333334,0.4,True
long_02_sample15,36.25,5,Oz,-1.1771347156876542,1.0,0.9666666666666667,True
long_02_sample15,36.75,5,Oz,-2.2228908658901343,0.9666666666666667,0.9666666666666667,True
long_02_sample15,37.25,5,Oz,-2.773101090258415,0.8666666666666667,0.33333333333333337,True
long_02_sample15,37.75,5,Oz,,0.7,0.09999999999999998,True
long_02_sample15,38.25,5,Oz,,0.5666666666666667,0.19999999999999996,True
long_02_sample15,38.75,5,Oz,,0.6333333333333333,0.16666666666666663,True
long_02_sample15,39.25,5,Oz,,0.6666666666666666,0.033333333333333326,True
long_02_sample15,39.75,5,Oz,,0.4,0.0,True
long_02_sample15,40.25,5,Oz,,0.5666666666666667,0.033333333333333326,True
long_02_sample15,40.75,5,Oz,,0.8,0.033333333333333326,True
long_02_sample15,41.25,5,Oz,,0.9,0.1333333333333333,True
long_02_sample15,41.75,5,Oz,,0.8333333333333334,0.06666666666666665,True
long_02_sample15,42.25,5,Oz,,0.8,0.16666666666666663,True
long_02_sample15,42.75,5,Oz,1.9816541496475373,0.8666666666666667,0.16666666666666663,True
long_02_sample15,43.25,5,Oz,1.7778952710530016,0.8666666666666667,0.43333333333333335,True
long_02_sample15,43.75,5,Oz,1.936580985366235,0.8333333333333334,0.5666666666666667,True
long_02_sample15,44.25,5,Oz,2.7047087017542792,0.9,0.7666666666666666,True
long_02_sample15,44.75,5,Oz,3.682835702975026,1.0,0.8,True
long_02_sample15,45.25,5,Oz,4.658221875838291,1.0,0.9333333333333333,True
long_02_sample15,45.75,5,Oz,5.538732540418298,0.8333333333333334,0.5666666666666667,True
long_02_sample15,46.25,5,Oz,5.404748116206213,1.0,0.8333333333333334,True
long_02_sample15,46.75,5,Oz,3.97029655821881,0.9666666666666667,0.7,True
long_02_sample15,47.25,5,Oz,1.7844348112634545,1.0,0.9666666666666667,True
long_02_sample15,47.75,5,Oz,0.2557022343591704,0.8666666666666667,0.8666666666666667,True
long_02_sample15,48.25,5,Oz,0.16750069447872928,0.9333333333333333,0.8666666666666667,True
long_02_sample15,48.75,5,Oz,0.5179054131660468,0.9333333333333333,0.9333333333333333,True
long_02_sample15,49.25,5,Oz,0.4754299672687665,1.0,0.9333333333333333,True
long_02_sample15,49.75,5,Oz,0.1344061864522531,0.9666666666666667,0.9666666666666667,True
long_02_sample15,50.25,5,Oz,-0.2815667132120814,0.8666666666666667,0.8333333333333334,True
long_02_sample15,50.75,5,Oz,0.17858264554067005,0.9666666666666667,0.9666666666666667,True
long_02_sample15,51.25,5,Oz,3.108547136827628,1.0,1.0,True
long_02_sample15,51.75,5,Oz,6.398054355863361,0.8333333333333334,0.6333333333333333,True
long_02_sample15,52.25,5,Oz,5.77144325824457,0.8333333333333334,0.5333333333333333,True
long_02_sample15,52.75,5,Oz,2.240253035941489,1.0,0.9,True
long_02_sample15,53.25,5,Oz,-0.4750629685925135,0.7666666666666667,0.7666666666666667,True
long_02_sample15,0.25,6,O2,,0.0,0.0,True
long_02_sample15,0.75,6,O2,,0.0,0.0,True
long_02_sample15,1.25,6,O2,,0.0,0.0,True
long_02_sample15,1.75,6,O2,,0.0,0.0,True
long_02_sample15,2.25,6,O2,,0.0,0.0,True
long_02_sample15,2.75,6,O2,,0.0,0.0,True
long_02_sample15,3.25,6,O2,,0.0,0.0,True
long_02_sample15,3.75,6,O2,,0.0,0.0,True
long_02_sample15,4.25,6,O2,,0.0,0.0,True
long_02_sample15,4.75,6,O2,,0.0,0.0,True
long_02_sample15,5.25,6,O2,,0.0,0.0,True
long_02_sample15,5.75,6,O2,,0.0,0.0,True
long_02_sample15,6.25,6,O2,,0.0,0.0,True
long_02_sample15,6.75,6,O2,,0.0,0.0,True
long_02_sample15,7.25,6,O2,,0.0,0.0,True
long_02_sample15,7.75,6,O2,,0.0,0.0,True
long_02_sample15,8.25,6,O2,,0.06666666666666667,0.0,True
long_02_sample15,8.75,6,O2,,0.06666666666666667,0.0,True
long_02_sample15,9.25,6,O2,,0.2,0.0,True
long_02_sample15,9.75,6,O2,,0.06666666666666667,0.0,True
long_02_sample15,10.25,6,O2,,0.1,0.0,True
long_02_sample15,10.75,6,O2,,0.16666666666666666,0.0,True
long_02_sample15,11.25,6,O2,,0.0,0.0,True
long_02_sample15,11.75,6,O2,,0.13333333333333333,0.0,True
long_02_sample15,12.25,6,O2,,0.2,0.0,True
long_02_sample15,12.75,6,O2,,0.0,0.0,True
long_02_sample15,13.25,6,O2,,0.6,0.0,True
long_02_sample15,13.75,6,O2,,0.7333333333333333,0.0,True
long_02_sample15,14.25,6,O2,,0.6666666666666666,0.0,True
long_02_sample15,14.75,6,O2,,0.7666666666666667,0.033333333333333326,True
long_02_sample15,15.25,6,O2,,0.7,0.0,True
long_02_sample15,15.75,6,O2,,0.7,0.0,True
long_02_sample15,16.25,6,O2,,0.7,0.0,True
long_02_sample15,16.75,6,O2,,0.5333333333333333,0.033333333333333326,True
long_02_sample15,17.25,6,O2,,0.26666666666666666,0.06666666666666665,True
long_02_sample15,17.75,6,O2,,0.5666666666666667,0.06666666666666665,True
long_02_sample15,18.25,6,O2,,0.1,0.033333333333333326,True
long_02_sample15,18.75,6,O2,-0.03405507691999901,0.16666666666666666,0.16666666666666666,True
long_02_sample15,19.25,6,O2,-0.0686756742713903,0.5333333333333333,0.3666666666666667,True
long_02_sample15,19.75,6,O2,-0.09994701065561552,0.7333333333333333,0.7,True
long_02_sample15,20.25,6,O2,-0.11255714920100802,0.8333333333333334,0.6666666666666667,True
long_02_sample15,20.75,6,O2,-0.22823627222528692,0.5,0.5,True
long_02_sample15,21.25,6,O2,-0.5036529575974116,0.7333333333333333,0.7,True
long_02_sample15,21.75,6,O2,-0.6339596449172389,0.8333333333333334,0.7333333333333334,True
long_02_sample15,22.25,6,O2,-0.5440894215411957,0.7666666666666667,0.6,True
long_02_sample15,22.75,6,O2,-0.5037759962087345,0.7666666666666667,0.5666666666666667,True
long_02_sample15,23.25,6,O2,-0.583224184183602,0.4666666666666667,0.19999999999999996,True
long_02_sample15,23.75,6,O2,,0.5666666666666667,0.0,True
long_02_sample15,24.25,6,O2,,0.7333333333333333,0.1333333333333333,True
long_02_sample15,24.75,6,O2,,0.6333333333333333,0.033333333333333326,True
long_02_sample15,25.25,6,O2,,0.5666666666666667,0.1333333333333333,True
long_02_sample15,25.75,6,O2,,0.7666666666666667,0.1333333333333333,True
long_02_sample15,26.25,6,O2,,0.8,0.09999999999999998,True
long_02_sample15,26.75,6,O2,,0.9333333333333333,0.09999999999999998,True
long_02_sample15,27.25,6,O2,,0.8333333333333334,0.19999999999999996,True
long_02_sample15,27.75,6,O2,,0.8,0.16666666666666663,True
long_02_sample15,28.25,6,O2,,0.9666666666666667,0.0,True
long_02_sample15,28.75,6,O2,,0.5333333333333333,0.09999999999999998,True
long_02_sample15,29.25,6,O2,0.9372110834475653,0.36666666666666664,0.0,True
long_02_sample15,29.75,6,O2,0.1255428009935334,0.5,0.4,True
long_02_sample15,30.25,6,O2,-0.983071331512198,0.5666666666666667,0.5666666666666667,True
long_02_sample15,30.75,6,O2,-1.9473394323066369,0.8333333333333334,0.5333333333333333,True
long_02_sample15,31.25,6,O2,-2.3408606678810866,0.7666666666666667,0.5333333333333333,True
long_02_sample15,31.75,6,O2,-2.2933491263259556,0.8666666666666667,0.33333333333333337,True
long_02_sample15,32.25,6,O2,,0.43333333333333335,0.30000000000000004,True
long_02_sample15,32.75,6,O2,,0.36666666666666664,0.16666666666666663,True
long_02_sample15,33.25,6,O2,,0.7666666666666667,0.23333333333333328,True
long_02_sample15,33.75,6,O2,,1.0,0.06666666666666665,True
long_02_sample15,34.25,6,O2,,1.0,0.0,True
long_02_sample15,34.75,6,O2,,1.0,0.033333333333333326,True
long_02_sample15,35.25,6,O2,,1.0,0.033333333333333326,True
long_02_sample15,35.75,6,O2,3.602952759730714,0.8333333333333334,0.16666666666666663,True
long_02_sample15,36.25,6,O2,2.578159370357439,1.0,0.4666666666666667,True
long_02_sample15,36.75,6,O2,1.4475285976239398,0.9666666666666667,0.6,True
long_02_sample15,37.25,6,O2,0.42273520825066424,0.8666666666666667,0.30000000000000004,True
long_02_sample15,37.75,6,O2,,0.7,0.30000000000000004,True
long_02_sample15,38.25,6,O2,,0.5666666666666667,0.30000000000000004,True
long_02_sample15,38.75,6,O2,,0.6333333333333333,0.16666666666666663,True
long_02_sample15,39.25,6,O2,,0.6666666666666666,0.19999999999999996,True
long_02_sample15,39.75,6,O2,,0.4,0.09999999999999998,True
long_02_sample15,40.25,6,O2,,0.5666666666666667,0.16666666666666663,True
long_02_sample15,40.75,6,O2,,0.8,0.2666666666666667,True
long_02_sample15,41.25,6,O2,,0.9,0.1333333333333333,True
long_02_sample15,41.75,6,O2,,0.8333333333333334,0.16666666666666663,True
long_02_sample15,42.25,6,O2,2.0472392201837573,0.8,0.09999999999999998,True
long_02_sample15,42.75,6,O2,2.1608093422742187,0.8666666666666667,0.4,True
long_02_sample15,43.25,6,O2,2.038349549532916,0.8666666666666667,0.5666666666666667,True
long_02_sample15,43.75,6,O2,1.5675294617593292,0.8333333333333334,0.6666666666666667,True
long_02_sample15,44.25,6,O2,0.8880517840563634,0.9,0.5666666666666667,True
long_02_sample15,44.75,6,O2,0.324696645880133,1.0,0.7,True
long_02_sample15,45.25,6,O2,0.6016533899878612,1.0,1.0,True
long_02_sample15,45.75,6,O2,2.2309629305800796,0.8333333333333334,0.6,True
long_02_sample15,46.25,6,O2,4.1404896898693835,1.0,0.8333333333333334,True
long_02_sample15,46.75,6,O2,3.9892060625396377,0.9666666666666667,0.7,True
long_02_sample15,47.25,6,O2,1.245848545617717,1.0,1.0,True
long_02_sample15,47.75,6,O2,-1.3914515365953282,0.8666666666666667,0.8666666666666667,True
long_02_sample15,48.25,6,O2,-2.012922337417701,0.9333333333333333,0.9333333333333333,True
long_02_sample15,48.75,6,O2,-1.102717479258064,0.9333333333333333,0.9333333333333333,True
long_02_sample15,49.25,6,O2,0.2920300453726754,1.0,0.7666666666666666,True
long_02_sample15,49.75,6,O2,1.576532554135982,0.9666666666666667,0.9666666666666667,True
long_02_sample15,50.25,6,O2,2.5362805377299704,0.8666666666666667,0.6666666666666667,True
long_02_sample15,50.75,6,O2,3.4581120094127993,0.9666666666666667,0.9666666666666667,True
long_02_sample15,51.25,6,O2,5.406341058234803,1.0,0.9,True
long_02_sample15,51.75,6,O2,7.507421451501037,0.8333333333333334,0.5333333333333333,True
long_02_sample15,52.25,6,O2,6.561974796777143,0.8333333333333334,0.23333333333333328,True
long_02_sample15,52.75,6,O2,3.361670936747225,1.0,0.7,True
long_02_sample15,53.25,6,O2,1.5659098161569696,0.7666666666666667,0.6,True
long_03_0125,0.25,0,CP5,,0.0,0.0,True
long_03_0125,0.75,0,CP5,0.04720517960666521,0.3,0.3,True
long_03_0125,1.25,0,CP5,0.42012525770369036,0.4,0.4,True
long_03_0125,1.75,0,CP5,0.7961230175441845,0.6666666666666666,0.5,True
long_03_0125,2.25,0,CP5,0.8928831985228998,0.5333333333333333,0.4666666666666667,True
long_03_0125,2.75,0,CP5,0.6495639922485629,0.7666666666666667,0.6,True
long_03_0125,3.25,0,CP5,0.2664945808387125,0.4666666666666667,0.4,True
long_03_0125,3.75,0,CP5,-0.35802637898262724,0.5,0.5,True
long_03_0125,4.25,0,CP5,-1.1020640426280681,0.7333333333333333,0.7333333333333333,True
long_03_0125,4.75,0,CP5,-1.2724341578753473,0.8,0.8,True
long_03_0125,5.25,0,CP5,-0.6779796264745515,0.6333333333333333,0.6333333333333333,True
long_03_0125,5.75,0,CP5,-0.1018728514012422,0.4666666666666667,0.3666666666666667,True
long_03_0125,6.25,0,CP5,-0.20176642370293285,0.36666666666666664,0.36666666666666664,True
long_03_0125,6.75,0,CP5,-0.6772967465074938,0.8666666666666667,0.7666666666666666,True
long_03_0125,7.25,0,CP5,-0.944109070922255,0.6,0.5666666666666667,True
long_03_0125,7.75,0,CP5,-0.8743177812735841,0.7,0.7,True
long_03_0125,8.25,0,CP5,-0.10368516071437643,0.43333333333333335,0.19999999999999996,True
long_03_0125,8.75,0,CP5,1.6659880434824645,0.26666666666666666,0.26666666666666666,True
long_03_0125,9.25,0,CP5,2.1050793124078346,0.6,0.43333333333333335,True
long_03_0125,9.75,0,CP5,1.3122534673195732,0.6333333333333333,0.43333333333333335,True
long_03_0125,10.25,0,CP5,-0.009404168938829161,0.6666666666666666,0.6666666666666666,True
long_03_0125,10.75,0,CP5,-0.999867856961975,0.7,0.5333333333333333,True
long_03_0125,11.25,0,CP5,-1.4080154402183809,0.8,0.7333333333333334,True
long_03_0125,11.75,0,CP5,-1.6587580940322773,0.8,0.6666666666666667,True
long_03_0125,12.25,0,CP5,-1.8711207848509557,0.8,0.7333333333333334,True
long_03_0125,12.75,0,CP5,-1.926540330886093,0.5333333333333333,0.5333333333333333,True
long_03_0125,13.25,0,CP5,-1.7473673189313184,0.9333333333333333,0.8666666666666667,True
long_03_0125,13.75,0,CP5,-1.3801243079492955,0.8666666666666667,0.7666666666666666,True
long_03_0125,14.25,0,CP5,-0.7681342948549368,0.7666666666666667,0.6,True
long_03_0125,14.75,0,CP5,0.7131731624223767,0.7,0.7,True
long_03_0125,15.25,0,CP5,3.3838053200565477,0.5333333333333333,0.4,True
long_03_0125,15.75,0,CP5,6.514957096753069,0.7,0.7,True
long_03_0125,16.25,0,CP5,7.5680697451894865,0.5333333333333333,0.43333333333333335,True
long_03_0125,16.75,0,CP5,4.574796244444136,0.4666666666666667,0.4666666666666667,True
long_03_0125,17.25,0,CP5,0.7963832384085479,0.7,0.7,True
long_03_0125,17.75,0,CP5,-0.7036747065277873,0.6,0.6,True
long_03_0125,18.25,0,CP5,-0.660414444216586,0.5666666666666667,0.5666666666666667,True
long_03_0125,18.75,0,CP5,-0.09990750174710156,0.5333333333333333,0.5333333333333333,True
long_03_0125,19.25,0,CP5,0.7736777340086791,0.4,0.3666666666666667,True
long_03_0125,19.75,0,CP5,1.5938098108296141,0.5333333333333333,0.43333333333333335,True
long_03_0125,20.25,0,CP5,1.8738707064257685,0.5333333333333333,0.4666666666666667,True
long_03_0125,20.75,0,CP5,1.5848037731326434,0.6666666666666666,0.3666666666666667,True
long_03_0125,21.25,0,CP5,0.8651583798921849,0.7,0.5666666666666667,True
long_03_0125,21.75,0,CP5,0.057304233738953,0.7666666666666667,0.7333333333333334,True
long_03_0125,22.25,0,CP5,-0.25988825404592336,0.7,0.6,True
long_03_0125,22.75,0,CP5,-0.04005833255629381,0.8,0.6666666666666667,True
long_03_0125,23.25,0,CP5,0.20951146372176507,0.6666666666666666,0.5,True
long_03_0125,23.75,0,CP5,0.25859166544634876,0.6,0.5,True
long_03_0125,24.25,0,CP5,0.2713536584314193,0.5333333333333333,0.30000000000000004,True
long_03_0125,24.75,0,CP5,0.29594643564366024,0.6333333333333333,0.5666666666666667,True
long_03_0125,25.25,0,CP5,0.30082244648763573,0.5,0.43333333333333335,True
long_03_0125,25.75,0,CP5,0.36090331755040067,0.43333333333333335,0.43333333333333335,True
long_03_0125,0.25,1,CP6,,0.0,0.0,False
long_03_0125,0.75,1,CP6,1.5021513816374965,0.3,0.3,False
long_03_0125,1.25,1,CP6,1.662428688194124,0.4,0.4,False
long_03_0125,1.75,1,CP6,1.639760373297471,0.6666666666666666,0.6666666666666666,False
long_03_0125,2.25,1,CP6,1.2390347395218984,0.5333333333333333,0.5333333333333333,False
long_03_0125,2.75,1,CP6,0.6318530572056159,0.7666666666666667,0.7666666666666666,False
long_03_0125,3.25,1,CP6,0.15027556485327517,0.4666666666666667,0.4666666666666667,False
long_03_0125,3.75,1,CP6,-0.2664537388181766,0.5,0.5,False
long_03_0125,4.25,1,CP6,-0.6500170215711588,0.7333333333333333,0.7333333333333333,False
long_03_0125,4.75,1,CP6,-0.6643786957968313,0.8,0.8,False
long_03_0125,5.25,1,CP6,-0.14628599667328857,0.6333333333333333,0.6333333333333333,False
long_03_0125,5.75,1,CP6,0.3985384282995638,0.4666666666666667,0.4666666666666667,False
long_03_0125,6.25,1,CP6,0.3678928081023276,0.36666666666666664,0.36666666666666664,False
long_03_0125,6.75,1,CP6,0.010779239324402445,0.8666666666666667,0.8666666666666667,False
long_03_0125,7.25,1,CP6,-0.07377469591675978,0.6,0.6,False
long_03_0125,7.75,1,CP6,0.06967002464566016,0.7,0.7,False
long_03_0125,8.25,1,CP6,0.08585006928062398,0.43333333333333335,0.43333333333333335,False
long_03_0125,8.75,1,CP6,-0.09564987601878139,0.26666666666666666,0.26666666666666666,False
long_03_0125,9.25,1,CP6,-0.38388503243884303,0.6,0.6,False
long_03_0125,9.75,1,CP6,-0.931431896257077,0.6333333333333333,0.6333333333333333,False
long_03_0125,10.25,1,CP6,-1.6398232463469153,0.6666666666666666,0.6666666666666666,False
long_03_0125,10.75,1,CP6,-1.9332112771808752,0.7,0.7,False
long_03_0125,11.25,1,CP6,-1.8163853364188431,0.8,0.8,False
long_03_0125,11.75,1,CP6,-2.047274580521317,0.8,0.8,False
long_03_0125,12.25,1,CP6,-2.7714108919629865,0.8,0.8,False
long_03_0125,12.75,1,CP6,-3.307316228149615,0.5333333333333333,0.5333333333333333,False
long_03_0125,13.25,1,CP6,-3.287490362246114,0.9333333333333333,0.9333333333333333,False
long_03_0125,13.75,1,CP6,-3.0452591816219132,0.8666666666666667,0.8666666666666667,False
long_03_0125,14.25,1,CP6,-2.8995365675242484,0.7666666666666667,0.7666666666666667,False
long_03_0125,14.75,1,CP6,-2.7432960118536913,0.7,0.7,False
long_03_0125,15.25,1,CP6,-2.627241909132786,0.5333333333333333,0.5333333333333333,False
long_03_0125,15.75,1,CP6,-2.694226128747361,0.7,0.7,False
long_03_0125,16.25,1,CP6,-2.6013016642172637,0.5333333333333333,0.5333333333333333,False
long_03_0125,16.75,1,CP6,-2.1810755552275976,0.4666666666666667,0.4666666666666667,False
long_03_0125,17.25,1,CP6,-1.5569880818065556,0.7,0.7,False
long_03_0125,17.75,1,CP6,-0.6853122202123211,0.6,0.6,False
long_03_0125,18.25,1,CP6,0.1893419009310722,0.5666666666666667,0.5666666666666667,False
long_03_0125,18.75,1,CP6,0.4559583017325641,0.5333333333333333,0.5333333333333333,False
long_03_0125,19.25,1,CP6,0.04945986377871173,0.4,0.4,False
long_03_0125,19.75,1,CP6,-0.5345966947485316,0.5333333333333333,0.5333333333333333,False
long_03_0125,20.25,1,CP6,-0.8182509663025433,0.5333333333333333,0.5333333333333333,False
long_03_0125,20.75,1,CP6,-0.6967349199223737,0.6666666666666666,0.6666666666666666,False
long_03_0125,21.25,1,CP6,-0.5674334038508649,0.7,0.7,False
long_03_0125,21.75,1,CP6,-0.6753209972900518,0.7666666666666667,0.7666666666666667,False
long_03_0125,22.25,1,CP6,-0.8018948580018466,0.7,0.7,False
long_03_0125,22.75,1,CP6,-0.7894158556561157,0.8,0.8,False
long_03_0125,23.25,1,CP6,-0.7235401313287531,0.6666666666666666,0.6666666666666666,False
long_03_0125,23.75,1,CP6,-0.7440782362524405,0.6,0.6,False
long_03_0125,24.25,1,CP6,-0.845299782755151,0.5333333333333333,0.5333333333333333,False
long_03_0125,24.75,1,CP6,-0.873376408119906,0.6333333333333333,0.6333333333333333,False
long_03_0125,25.25,1,CP6,-0.8901803520067904,0.5,0.5,False
long_03_0125,25.75,1,CP6,-1.0691678424884552,0.43333333333333335,0.43333333333333335,False
long_03_0125,0.25,2,PO3,,0.0,0.0,True
long_03_0125,0.75,2,PO3,0.6561680198774089,0.3,0.3,True
long_03_0125,1.25,2,PO3,0.6481119220379976,0.4,0.4,True
long_03_0125,1.75,2,PO3,0.5225451901613125,0.6666666666666666,0.6,True
long_03_0125,2.25,2,PO3,0.21080052123756318,0.5333333333333333,0.5333333333333333,True
long_03_0125,2.75,2,PO3,-0.15552238761654721,0.7666666666666667,0.7,True
long_03_0125,3.25,2,PO3,-0.4405515072811462,0.4666666666666667,0.4666666666666667,True
long_03_0125,3.75,2,PO3,-0.8099633361605556,0.5,0.5,True
long_03_0125,4.25,2,PO3,-1.2304735458060507,0.7333333333333333,0.7333333333333333,True
long_03_0125,4.75,2,PO3,-1.2655821159408744,0.8,0.8,True
long_03_0125,5.25,2,PO3,-0.7249996671889438,0.6333333333333333,0.6,True
long_03_0125,5.75,2,PO3,0.042047769237423864,0.4666666666666667,0.4,True
long_03_0125,6.25,2,PO3,0.3600198996288232,0.36666666666666664,0.30000000000000004,True
long_03_0125,6.75,2,PO3,0.15232973267775404,0.8666666666666667,0.7,True
long_03_0125,7.25,2,PO3,0.031119233404277205,0.6,0.4666666666666667,True
long_03_0125,7.75,2,PO3,0.058646962465597516,0.7,0.6333333333333333,True
long_03_0125,8.25,2,PO3,0.33709332892025157,0.43333333333333335,0.33333333333333337,True
long_03_0125,8.75,2,PO3,0.8786159190987137,0.26666666666666666,0.23333333333333328,True
long_03_0125,9.25,2,PO3,0.7422163563357096,0.6,0.6,True
long_03_0125,9.75,2,PO3,-0.02791713140062878,0.6333333333333333,0.5333333333333333,True
long_03_0125,10.25,2,PO3,-1.087303403208027,0.6666666666666666,0.6666666666666666,True
long_03_0125,10.75,2,PO3,-1.810286252774967,0.7,0.7,True
long_03_0125,11.25,2,PO3,-1.916317335739089,0.8,0.8,True
long_03_0125,11.75,2,PO3,-1.8316649368368025,0.8,0.7333333333333334,True
long_03_0125,12.25,2,PO3,-1.761494085166144,0.8,0.8,True
long_03_0125,12.75,2,PO3,-1.1535364713338105,0.5333333333333333,0.5333333333333333,True
long_03_0125,13.25,2,PO3,0.3361486854059921,0.9333333333333333,0.9333333333333333,True
long_03_0125,13.75,2,PO3,1.529145729197404,0.8666666666666667,0.7666666666666666,True
long_03_0125,14.25,2,PO3,1.0692650676789288,0.7666666666666667,0.7,True
long_03_0125,14.75,2,PO3,-0.02567394866955275,0.7,0.7,True
long_03_0125,15.25,2,PO3,-0.38810246926313097,0.5333333333333333,0.5333333333333333,True
long_03_0125,15.75,2,PO3,0.3387778249382717,0.7,0.7,True
long_03_0125,16.25,2,PO3,2.34393750182726,0.5333333333333333,0.5333333333333333,True
long_03_0125,16.75,2,PO3,3.918404526212932,0.4666666666666667,0.4666666666666667,True
long_03_0125,17.25,2,PO3,3.391571120008402,0.7,0.7,True
long_03_0125,17.75,2,PO3,2.313986925641238,0.6,0.6,True
long_03_0125,18.25,2,PO3,2.064193379826106,0.5666666666666667,0.5666666666666667,True
long_03_0125,18.75,2,PO3,2.218090152455514,0.5333333333333333,0.4666666666666667,True
long_03_0125,19.25,2,PO3,2.3232275440804573,0.4,0.4,True
long_03_0125,19.75,2,PO3,2.330107780964741,0.5333333333333333,0.5,True
long_03_0125,20.25,2,PO3,2.2419841588637173,0.5333333333333333,0.5333333333333333,True
long_03_0125,20.75,2,PO3,2.0719675917804263,0.6666666666666666,0.30000000000000004,True
long_03_0125,21.25,2,PO3,1.7259261596027493,0.7,0.6333333333333333,True
long_03_0125,21.75,2,PO3,1.2993746029236148,0.7666666666666667,0.7,True
long_03_0125,22.25,2,PO3,1.4410966415658844,0.7,0.6333333333333333,True
long_03_0125,22.75,2,PO3,2.7948040272301,0.8,0.7666666666666666,True
long_03_0125,23.25,2,PO3,4.263714272206196,0.6666666666666666,0.4666666666666667,True
long_03_0125,23.75,2,PO3,4.124122961022902,0.6,0.6,True
long_03_0125,24.25,2,PO3,3.166797355153293,0.5333333333333333,0.5333333333333333,True
long_03_0125,24.75,2,PO3,2.6883978064549274,0.6333333333333333,0.6333333333333333,True
long_03_0125,25.25,2,PO3,2.5536567426936676,0.5,0.5,True
long_03_0125,25.75,2,PO3,2.6613921950936987,0.43333333333333335,0.43333333333333335,True
long_03_0125,0.25,3,PO4,,0.0,0.0,False
long_03_0125,0.75,3,PO4,2.509073280434666,0.3,0.3,False
long_03_0125,1.25,3,PO4,2.3335217821169647,0.4,0.4,False
long_03_0125,1.75,3,PO4,1.9484622105463094,0.6666666666666666,0.6666666666666666,False
long_03_0125,2.25,3,PO4,1.264958185324154,0.5333333333333333,0.5333333333333333,False
long_03_0125,2.75,3,PO4,0.5214162643347731,0.7666666666666667,0.7666666666666667,False
long_03_0125,3.25,3,PO4,0.05194397363005342,0.4666666666666667,0.4666666666666667,False
long_03_0125,3.75,3,PO4,-0.2821778381367016,0.5,0.5,False
long_03_0125,4.25,3,PO4,-0.5333407709612886,0.7333333333333333,0.7333333333333333,False
long_03_0125,4.75,3,PO4,-0.23138523945682807,0.8,0.8,False
long_03_0125,5.25,3,PO4,0.75273160220161,0.6333333333333333,0.6333333333333333,False
long_03_0125,5.75,3,PO4,1.5116751029834374,0.4666666666666667,0.4666666666666667,False
long_03_0125,6.25,3,PO4,1.1197137228229364,0.36666666666666664,0.36666666666666664,False
long_03_0125,6.75,3,PO4,0.027118855538883505,0.8666666666666667,0.8666666666666667,False
long_03_0125,7.25,3,PO4,-0.6560804948426469,0.6,0.6,False
long_03_0125,7.75,3,PO4,-0.7311435276377861,0.7,0.7,False
long_03_0125,8.25,3,PO4,-0.5984325245602196,0.43333333333333335,0.43333333333333335,False
long_03_0125,8.75,3,PO4,-0.4128918628931597,0.26666666666666666,0.26666666666666666,False
long_03_0125,9.25,3,PO4,-0.32957379166660034,0.6,0.6,False
long_03_0125,9.75,3,PO4,-0.562455352499343,0.6333333333333333,0.6333333333333333,False
long_03_0125,10.25,3,PO4,-0.850274713171099,0.6666666666666666,0.6666666666666666,False
long_03_0125,10.75,3,PO4,-0.7624984779523551,0.7,0.7,False
long_03_0125,11.25,3,PO4,-0.5836759009753112,0.8,0.8,False
long_03_0125,11.75,3,PO4,-0.8291845965272822,0.8,0.8,False
long_03_0125,12.25,3,PO4,-1.3025950975354883,0.8,0.8,False
long_03_0125,12.75,3,PO4,-1.627272515580225,0.5333333333333333,0.5333333333333333,False
long_03_0125,13.25,3,PO4,-1.6582037886186918,0.9333333333333333,0.9333333333333333,False
long_03_0125,13.75,3,PO4,-1.4529668481061135,0.8666666666666667,0.8666666666666667,False
long_03_0125,14.25,3,PO4,-1.3135173092595784,0.7666666666666667,0.7666666666666666,False
long_03_0125,14.75,3,PO4,-1.3058146196673392,0.7,0.7,False
long_03_0125,15.25,3,PO4,-1.3383390605036893,0.5333333333333333,0.5333333333333333,False
long_03_0125,15.75,3,PO4,-1.3850039791520237,0.7,0.7,False
long_03_0125,16.25,3,PO4,-1.2224365658386807,0.5333333333333333,0.5333333333333333,False
long_03_0125,16.75,3,PO4,-0.8793680352397037,0.4666666666666667,0.4666666666666667,False
long_03_0125,17.25,3,PO4,-0.474869023389378,0.7,0.7,False
long_03_0125,17.75,3,PO4,0.11466165799370764,0.6,0.6,False
long_03_0125,18.25,3,PO4,0.8472938233049764,0.5666666666666667,0.5666666666666667,False
long_03_0125,18.75,3,PO4,1.4264013916548373,0.5333333333333333,0.5333333333333333,False
long_03_0125,19.25,3,PO4,1.7201636079190261,0.4,0.4,False
long_03_0125,19.75,3,PO4,1.6284432134727824,0.5333333333333333,0.5333333333333333,False
long_03_0125,20.25,3,PO4,1.2199833640992856,0.5333333333333333,0.5333333333333333,False
long_03_0125,20.75,3,PO4,0.8028007892418791,0.6666666666666666,0.6666666666666666,False
long_03_0125,21.25,3,PO4,0.3631084783250381,0.7,0.7,False
long_03_0125,21.75,3,PO4,-0.09255740983282522,0.7666666666666667,0.7666666666666667,False
long_03_0125,22.25,3,PO4,-0.2734962421807141,0.7,0.7,False
long_03_0125,22.75,3,PO4,-0.022229865062544235,0.8,0.8,False
long_03_0125,23.25,3,PO4,0.49572969071707096,0.6666666666666666,0.6666666666666666,False
long_03_0125,23.75,3,PO4,0.7859650248545217,0.6,0.6,False
long_03_0125,24.25,3,PO4,0.6156193396914864,0.5333333333333333,0.5333333333333333,False
long_03_0125,24.75,3,PO4,0.44714706111225444,0.6333333333333333,0.6333333333333333,False
long_03_0125,25.25,3,PO4,0.5956383979952309,0.5,0.5,False
long_03_0125,25.75,3,PO4,0.7568513262341985,0.43333333333333335,0.43333333333333335,False
long_03_0125,0.25,4,O1,,0.0,0.0,True
long_03_0125,0.75,4,O1,,0.3,0.09999999999999998,True
long_03_0125,1.25,4,O1,,0.4,0.19999999999999996,True
long_03_0125,1.75,4,O1,,0.6666666666666666,0.2666666666666667,True
long_03_0125,2.25,4,O1,,0.5333333333333333,0.23333333333333328,True
long_03_0125,2.75,4,O1,0.8604155181398091,0.7666666666666667,0.4666666666666667,True
long_03_0125,3.25,4,O1,0.40134989226647544,0.4666666666666667,0.1333333333333333,True
long_03_0125,3.75,4,O1,-0.331302122292663,0.5,0.33333333333333337,True
long_03_0125,4.25,4,O1,-0.45250526455595763,0.7333333333333333,0.43333333333333335,True
long_03_0125,4.75,4,O1,-0.28128055967249915,0.8,0.4666666666666667,True
long_03_0125,5.25,4,O1,-0.10193219086187989,0.6333333333333333,0.19999999999999996,True
long_03_0125,5.75,4,O1,,0.4666666666666667,0.19999999999999996,True
long_03_0125,6.25,4,O1,-0.24589663665017367,0.36666666666666664,0.09999999999999998,True
long_03_0125,6.75,4,O1,-0.27673866865427527,0.8666666666666667,0.5333333333333333,True
long_03_0125,7.25,4,O1,,0.6,0.16666666666666663,True
long_03_0125,7.75,4,O1,,0.7,0.19999999999999996,True
long_03_0125,8.25,4,O1,,0.43333333333333335,0.16666666666666663,True
long_03_0125,8.75,4,O1,,0.26666666666666666,0.09999999999999998,True
long_03_0125,9.25,4,O1,,0.6,0.16666666666666663,True
long_03_0125,9.75,4,O1,,0.6333333333333333,0.16666666666666663,True
long_03_0125,10.25,4,O1,,0.6666666666666666,0.2666666666666667,True
long_03_0125,10.75,4,O1,,0.7,0.19999999999999996,True
long_03_0125,11.25,4,O1,-0.5361479189032224,0.8,0.33333333333333337,True
long_03_0125,11.75,4,O1,-0.8483423073624335,0.8,0.43333333333333335,True
long_03_0125,12.25,4,O1,-1.1540836028983894,0.8,0.43333333333333335,True
long_03_0125,12.75,4,O1,-1.3254632231240842,0.5333333333333333,0.5333333333333333,True
long_03_0125,13.25,4,O1,-1.3095092587131896,0.9333333333333333,0.8666666666666667,True
long_03_0125,13.75,4,O1,-1.1422284427789997,0.8666666666666667,0.8666666666666667,True
long_03_0125,14.25,4,O1,-0.8914146128340705,0.7666666666666667,0.7,True
long_03_0125,14.75,4,O1,-0.34290556039466763,0.7,0.7,True
long_03_0125,15.25,4,O1,0.626582103324845,0.5333333333333333,0.5333333333333333,True
long_03_0125,15.75,4,O1,1.0959497550620114,0.7,0.7,True
long_03_0125,16.25,4,O1,0.49369535537105497,0.5333333333333333,0.5333333333333333,True
long_03_0125,16.75,4,O1,-0.12854397687350747,0.4666666666666667,0.4666666666666667,True
long_03_0125,17.25,4,O1,0.11926867924566627,0.7,0.7,True
long_03_0125,17.75,4,O1,0.860257382736078,0.6,0.6,True
long_03_0125,18.25,4,O1,1.4285863376741648,0.5666666666666667,0.4666666666666667,True
long_03_0125,18.75,4,O1,1.605887782956668,0.5333333333333333,0.5333333333333333,True
long_03_0125,19.25,4,O1,1.4076971216457927,0.4,0.33333333333333337,True
long_03_0125,19.75,4,O1,0.9199911687829415,0.5333333333333333,0.4666666666666667,True
long_03_0125,20.25,4,O1,0.6856483936350316,0.5333333333333333,0.5,True
long_03_0125,20.75,4,O1,1.279610950182114,0.6666666666666666,0.33333333333333337,True
long_03_0125,21.25,4,O1,1.867635307804688,0.7,0.5333333333333333,True
long_03_0125,21.75,4,O1,1.6830204128693207,0.7666666666666667,0.7666666666666666,True
long_03_0125,22.25,4,O1,1.4600825573349738,0.7,0.6666666666666667,True
long_03_0125,22.75,4,O1,1.687791302871316,0.8,0.7333333333333334,True
long_03_0125,23.25,4,O1,2.181921463652491,0.6666666666666666,0.5666666666666667,True
long_03_0125,23.75,4,O1,2.406601951651542,0.6,0.4666666666666667,True
long_03_0125,24.25,4,O1,2.185626261966201,0.5333333333333333,0.3666666666666667,True
long_03_0125,24.75,4,O1,2.012235343761829,0.6333333333333333,0.5666666666666667,True
long_03_0125,25.25,4,O1,2.3247238470962523,0.5,0.5,True
long_03_0125,25.75,4,O1,2.91396516382222,0.43333333333333335,0.43333333333333335,True
long_03_0125,0.25,5,Oz,,0.0,0.0,True
long_03_0125,0.75,5,Oz,,0.3,0.2666666666666667,True
long_03_0125,1.25,5,Oz,,0.4,0.19999999999999996,True
long_03_0125,1.75,5,Oz,2.5727870637522865,0.6666666666666666,0.3666666666666667,True
long_03_0125,2.25,5,Oz,1.8874386780622507,0.5333333333333333,0.2666666666666667,True
long_03_0125,2.75,5,Oz,1.0150875390570273,0.7666666666666667,0.5333333333333333,True
long_03_0125,3.25,5,Oz,0.20525459772637894,0.4666666666666667,0.16666666666666663,True
long_03_0125,3.75,5,Oz,-0.35484786436866395,0.5,0.5,True
long_03_0125,4.25,5,Oz,-0.5240552949277433,0.7333333333333333,0.7,True
long_03_0125,4.75,5,Oz,-0.22016736482945073,0.8,0.8,True
long_03_0125,5.25,5,Oz,0.4955092634336546,0.6333333333333333,0.6333333333333333,True
long_03_0125,5.75,5,Oz,1.0267887813762204,0.4666666666666667,0.4,True
long_03_0125,6.25,5,Oz,0.586921904699011,0.36666666666666664,0.33333333333333337,True
long_03_0125,6.75,5,Oz,-0.1972204099817889,0.8666666666666667,0.7,True
long_03_0125,7.25,5,Oz,-0.3700431527905383,0.6,0.3666666666666667,True
long_03_0125,7.75,5,Oz,-0.24415498571964664,0.7,0.6,True
long_03_0125,8.25,5,Oz,0.02058224677588161,0.43333333333333335,0.09999999999999998,True
long_03_0125,8.75,5,Oz,0.4440529037524165,0.26666666666666666,0.16666666666666663,True
long_03_0125,9.25,5,Oz,0.596069889594035,0.6,0.3666666666666667,True
long_03_0125,9.75,5,Oz,0.3529794637492818,0.6333333333333333,0.33333333333333337,True
long_03_0125,10.25,5,Oz,-0.18202936433047823,0.6666666666666666,0.33333333333333337,True
long_03_0125,10.75,5,Oz,-0.3769825213093457,0.7,0.43333333333333335,True
long_03_0125,11.25,5,Oz,-0.36675991083685455,0.8,0.30000000000000004,True
long_03_0125,11.75,5,Oz,-0.45419441907849484,0.8,0.6666666666666667,True
long_03_0125,12.25,5,Oz,-0.512760580689904,0.8,0.5333333333333333,True
long_03_0125,12.75,5,Oz,-0.3588687383239871,0.5333333333333333,0.5333333333333333,True
long_03_0125,13.25,5,Oz,-0.09038071269676402,0.9333333333333333,0.7333333333333334,True
long_03_0125,13.75,5,Oz,0.11452634697085112,0.8666666666666667,0.7,True
long_03_0125,14.25,5,Oz,0.17681926716341234,0.7666666666666667,0.5333333333333333,True
long_03_0125,14.75,5,Oz,0.10547526349988405,0.7,0.5,True
long_03_0125,15.25,5,Oz,-0.016048892514636415,0.5333333333333333,0.19999999999999996,True
long_03_0125,15.75,5,Oz,,0.7,0.33333333333333337,True
long_03_0125,16.25,5,Oz,,0.5333333333333333,0.06666666666666665,True
long_03_0125,16.75,5,Oz,,0.4666666666666667,0.19999999999999996,True
long_03_0125,17.25,5,Oz,,0.7,0.09999999999999998,True
long_03_0125,17.75,5,Oz,,0.6,0.23333333333333328,True
long_03_0125,18.25,5,Oz,,0.5666666666666667,0.30000000000000004,True
long_03_0125,18.75,5,Oz,,0.5333333333333333,0.30000000000000004,True
long_03_0125,19.25,5,Oz,2.2237915137742434,0.4,0.3666666666666667,True
long_03_0125,19.75,5,Oz,2.292393728540373,0.5333333333333333,0.19999999999999996,True
long_03_0125,20.25,5,Oz,2.2931783658944656,0.5333333333333333,0.23333333333333328,True
long_03_0125,20.75,5,Oz,2.0450335710281324,0.6666666666666666,0.43333333333333335,True
long_03_0125,21.25,5,Oz,1.7088881553436996,0.7,0.4,True
long_03_0125,21.75,5,Oz,1.5228837270036513,0.7666666666666667,0.43333333333333335,True
long_03_0125,22.25,5,Oz,1.5908437034695042,0.7,0.5666666666666667,True
long_03_0125,22.75,5,Oz,1.709095728381578,0.8,0.4,True
long_03_0125,23.25,5,Oz,1.7077274722340448,0.6666666666666666,0.5,True
long_03_0125,23.75,5,Oz,1.5126040026780043,0.6,0.2666666666666667,True
long_03_0125,24.25,5,Oz,1.2345589725949984,0.5333333333333333,0.3666666666666667,True
long_03_0125,24.75,5,Oz,1.0810449916776195,0.6333333333333333,0.2666666666666667,True
long_03_0125,25.25,5,Oz,,0.5,0.16666666666666663,True
long_03_0125,25.75,5,Oz,,0.43333333333333335,0.30000000000000004,True
long_03_0125,0.25,6,O2,,0.0,0.0,True
long_03_0125,0.75,6,O2,,0.3,0.1333333333333333,True
long_03_0125,1.25,6,O2,,0.4,0.19999999999999996,True
long_03_0125,1.75,6,O2,2.5385297856830644,0.6666666666666666,0.4,True
long_03_0125,2.25,6,O2,2.0034984600352552,0.5333333333333333,0.30000000000000004,True
long_03_0125,2.75,6,O2,1.2664316947732484,0.7666666666666667,0.5666666666666667,True
long_03_0125,3.25,6,O2,0.505054528326314,0.4666666666666667,0.2666666666666667,True
long_03_0125,3.75,6,O2,-0.040343952169120775,0.5,0.5,True
long_03_0125,4.25,6,O2,-0.32888082048161094,0.7333333333333333,0.6,True
long_03_0125,4.75,6,O2,-0.4680169911508221,0.8,0.7,True
long_03_0125,5.25,6,O2,-0.48556020515593407,0.6333333333333333,0.5666666666666667,True
long_03_0125,5.75,6,O2,-0.6598382149508945,0.4666666666666667,0.33333333333333337,True
long_03_0125,6.25,6,O2,-1.1242075630434554,0.36666666666666664,0.2666666666666667,True
long_03_0125,6.75,6,O2,-0.9616629293208829,0.8666666666666667,0.7666666666666666,True
long_03_0125,7.25,6,O2,-0.4530625914096963,0.6,0.43333333333333335,True
long_03_0125,7.75,6,O2,0.05817327812688605,0.7,0.6,True
long_03_0125,8.25,6,O2,0.46843079782135033,0.43333333333333335,0.33333333333333337,True
long_03_0125,8.75,6,O2,0.4883824771078788,0.26666666666666666,0.26666666666666666,True
long_03_0125,9.25,6,O2,-0.03898014722933146,0.6,0.4666666666666667,True
long_03_0125,9.75,6,O2,-0.7521501952223437,0.6333333333333333,0.6333333333333333,True
long_03_0125,10.25,6,O2,-1.3062824939901336,0.6666666666666666,0.6666666666666666,True
long_03_0125,10.75,6,O2,-1.3861671131738282,0.7,0.6,True
long_03_0125,11.25,6,O2,-1.1902893721680765,0.8,0.7666666666666666,True
long_03_0125,11.75,6,O2,-1.06681869688384,0.8,0.7666666666666666,True
long_03_0125,12.25,6,O2,-0.9834886421229632,0.8,0.8,True
long_03_0125,12.75,6,O2,-0.7952218509115072,0.5333333333333333,0.5333333333333333,True
long_03_0125,13.25,6,O2,-0.42359491471717015,0.9333333333333333,0.9,True
long_03_0125,13.75,6,O2,0.1738552583676955,0.8666666666666667,0.8666666666666667,True
long_03_0125,14.25,6,O2,0.6828358968641697,0.7666666666666667,0.6,True
long_03_0125,14.75,6,O2,1.105725519752992,0.7,0.7,True
long_03_0125,15.25,6,O2,2.3335792285977313,0.5333333333333333,0.5333333333333333,True
long_03_0125,15.75,6,O2,4.513627331656541,0.7,0.7,True
long_03_0125,16.25,6,O2,6.517994464905393,0.5333333333333333,0.5,True
long_03_0125,16.75,6,O2,7.185031176981729,0.4666666666666667,0.33333333333333337,True
long_03_0125,17.25,6,O2,6.89039126537995,0.7,0.43333333333333335,True
long_03_0125,17.75,6,O2,6.824185515092389,0.6,0.4666666666666667,True
long_03_0125,18.25,6,O2,7.084596176977775,0.5666666666666667,0.2666666666666667,True
long_03_0125,18.75,6,O2,,0.5333333333333333,0.1333333333333333,True
long_03_0125,19.25,6,O2,8.596214324102563,0.4,0.06666666666666665,True
long_03_0125,19.75,6,O2,8.08675871170299,0.5333333333333333,0.3666666666666667,True
long_03_0125,20.25,6,O2,7.381084723239918,0.5333333333333333,0.5,True
long_03_0125,20.75,6,O2,6.5665830395397595,0.6666666666666666,0.2666666666666667,True
long_03_0125,21.25,6,O2,6.216838207153699,0.7,0.19999999999999996,True
long_03_0125,21.75,6,O2,6.5554071671520475,0.7666666666666667,0.43333333333333335,True
long_03_0125,22.25,6,O2,6.441487098135404,0.7,0.4,True
long_03_0125,22.75,6,O2,5.476335940893403,0.8,0.4,True
long_03_0125,23.25,6,O2,4.340402744581635,0.6666666666666666,0.4,True
long_03_0125,23.75,6,O2,3.9181451811662926,0.6,0.4,True
long_03_0125,24.25,6,O2,4.1278393695882345,0.5333333333333333,0.3666666666666667,True
long_03_0125,24.75,6,O2,4.126597456296324,0.6333333333333333,0.33333333333333337,True
long_03_0125,25.25,6,O2,3.1592305374070757,0.5,0.2666666666666667,True
long_03_0125,25.75,6,O2,2.6525312916215054,0.43333333333333335,0.3666666666666667,True
